Participant,Session,Session_Game_MATB,SYSMON,TRACK,RESMAN,session_factor_MATB,Group_MATB,SYSMON_log,TRACK_log,RESMAN_log,SYSMON_log_inv,TRACK_log_inv,RESMAN_log_inv,SYSMON_z,TRACK_z,RESMAN_z,MATB_z_mean,Date,Session_Game_SF,TotalScore,Flight,Bonus,Mine,Fortress,NumberofBonus,NumberofMine,Bonus_Prct,Mine_Prct,FortressShot,session_factor_SF,Group_SF,SF_zscore
P001,E1,1.0,3.06,4.3,67.07,1.0,B,1.4011829736136414,1.667706820558076,4.22053658745986,-1.4011829736136414,-1.667706820558076,-4.22053658745986,-0.34434393320272816,-1.5156037536713263,1.5662837310833875,-0.09788798526355569,0022-09-26 14:31:38,8.0,2290.0,-150.0,250.0,940.0,1250.0,14.0,20.0,28.5714285714286,85.0,61.0,1.0,B,-0.837199728316818
P001,E2,3.0,1.87,2.85,183.42,12.0,B,1.0543120297715298,1.3480731482996928,5.217215765110995,-1.0543120297715298,-1.3480731482996928,-5.217215765110995,0.5785852979934267,0.25995734991274105,-0.21180646345309964,0.20891206148435604,0022-11-08 10:33:27,4.0,5600.0,-150.0,700.0,1050.0,4000.0,12.0,21.0,83.3333333333333,95.2380952380952,197.0,12.0,B,0.658179336852042
P001,E3,1.0,1.51,2.77,148.51,13.0,B,0.9202827531436925,1.3270750014599193,5.007363280225836,-0.9202827531436925,-1.3270750014599193,-5.007363280225836,0.93520074656848,0.37660179638992447,0.16257343134191948,0.4914586581001079,0022-12-19 10:47:47,2.0,5790.0,-100.0,800.0,1090.0,4000.0,14.0,21.0,78.5714285714286,95.2380952380952,200.0,13.0,B,0.74401680584965
P001,T01,9.0,4.52,3.19,215.96,2.0,B,1.7083778602890038,1.4327007339340463,5.3797130047520305,-1.7083778602890038,-1.4327007339340463,-5.3797130047520305,-1.1617059683339674,-0.21014784357613675,-0.5017039098168335,-0.6245192405756459,0022-10-11 18:44:08,9.0,3100.0,-50.0,650.0,1000.0,1500.0,16.0,21.0,50.0,90.4761904761905,76.0,2.0,B,-0.471261044695436
P001,T02,8.0,2.83,3.11,249.61,3.0,B,1.3428648031925547,1.413423028508143,5.523897945895664,-1.3428648031925547,-1.413423028508143,-5.523897945895664,-0.1891751445018815,-0.10306042791451109,-0.7589319484837082,-0.3503891736333669,0022-10-17 11:34:48,7.0,4190.0,-50.0,650.0,1090.0,2500.0,15.0,22.0,66.6666666666667,95.4545454545455,127.0,3.0,B,0.0211749616592646
P001,T03,6.0,1.45,3.54,158.9,4.0,B,0.8960880245566357,1.5129270120532565,5.074548619839908,-0.8960880245566357,-1.5129270120532565,-5.074548619839908,0.9995763382698594,-0.6558038281516204,0.042713805232422776,0.12882877178355392,0022-10-18 08:58:55,5.0,4200.0,-100.0,750.0,1050.0,2500.0,14.0,22.0,64.2857142857143,90.9090909090909,129.0,4.0,B,0.0256927231854545
P001,T04,5.0,2.01,3.19,153.88,5.0,B,1.1019400787607843,1.4327007339340463,5.042650623528266,-1.1019400787607843,-1.4327007339340463,-5.042650623528266,0.45186001466432246,-0.21014784357613675,0.09962029604600352,0.11377748904472974,0022-10-25 16:44:32,8.0,4350.0,-50.0,850.0,1050.0,2500.0,10.0,20.0,100.0,95.0,132.0,5.0,B,0.0934591460783031
P001,T05,2.0,1.33,3.27,198.33,6.0,B,0.8458682675776092,1.451613827240533,5.2949617427346745,-0.8458682675776092,-1.451613827240533,-5.2949617427346745,1.1331974516041832,-0.3152098434154645,-0.35050642185205444,0.15582706211222144,0022-10-26 08:52:09,6.0,5180.0,0.0,600.0,1080.0,3500.0,12.0,22.0,75.0,95.4545454545455,169.0,6.0,B,0.468433352752066
P001,T06,2.0,2.02,3.15,198.54,7.0,B,1.1052568313867783,1.423108334242607,5.296014717485361,-1.1052568313867783,-1.423108334242607,-5.296014717485361,0.4430350380973319,-0.1568621817063718,-0.35238494417024235,-0.02207069592642741,0022-11-02 12:53:19,9.0,5620.0,0.0,800.0,1070.0,3750.0,14.0,21.0,78.5714285714286,95.2380952380952,191.0,7.0,B,0.667214859904422
P001,T07,7.0,1.58,3.22,123.29,8.0,B,0.9477893989335261,1.4398351280479207,4.82261754475742,-0.9477893989335261,-1.4398351280479207,-4.82261754475742,0.8620130440460352,-0.2497793148060965,0.4921625188685427,0.3681320827028271,0022-11-03 12:20:32,9.0,6410.0,-50.0,1150.0,1060.0,4250.0,15.0,21.0,93.3333333333333,95.2380952380952,212.0,8.0,B,1.02411802047342
P001,T08,8.0,1.4,3.04,204.4,9.0,B,0.8754687373538999,1.3962446919730587,5.324959297494458,-0.8754687373538999,-1.3962446919730587,-5.324959297494458,1.05443865298278,-0.007634980525111538,-0.40402249720956795,0.21426039174936687,0022-11-04 19:50:55,3.0,6290.0,-100.0,1050.0,1090.0,4250.0,16.0,21.0,81.25,95.2380952380952,218.0,9.0,B,0.969904882159145
P001,T09,7.0,1.37,3.01,132.79,10.0,B,0.8628899551470398,1.3887912413184778,4.8962714064855275,-0.8628899551470398,-1.3887912413184778,-4.8962714064855275,1.0879073709531313,0.03376884584978625,0.3607629549314948,0.4941463905781374,0022-11-07 11:50:32,7.0,5650.0,-100.0,700.0,1050.0,4000.0,10.0,20.0,100.0,100.0,202.0,10.0,B,0.680768144482991
P001,T10,,,,,,,,,,,,,,,,,0022-11-07 13:50:32,8.0,5650.0,-100.0,700.0,1050.0,4000.0,10.0,20.0,100.0,100.0,202.0,11.0,B,0.680768144482991
P002,E1,3.0,18.59,5.0,512.28,1.0,B,2.9750192319564492,1.791759469228055,6.240821505238095,-2.9750192319564492,-1.791759469228055,-6.240821505238095,-4.531894126516487,-2.204714685628894,-2.0379340383068123,-2.9248476168173982,0022-10-17 18:07:37,0.0,1090.0,-220.0,150.0,910.0,250.0,10.0,21.0,30.0,85.7142857142857,13.0,1.0,B,-1.37933111145961
P002,E2,2.0,1.53,3.17,185.9,12.0,B,0.928219302739429,1.4279160358107101,5.230573714461517,-0.928219302739429,-1.4279160358107101,-5.230573714461517,0.9140837468693717,-0.1835689045671083,-0.23563723998768438,0.16495920077152634,0022-12-08 18:49:34,2.0,4920.0,-100.0,400.0,870.0,3750.0,13.0,21.0,61.5384615384615,80.9523809523809,191.0,12.0,B,0.350971553071128
P002,E3,1.0,1.68,2.96,180.44,13.0,B,0.9858167945227652,1.3762440252663892,5.200925020539387,-0.9858167945227652,-1.3762440252663892,-5.200925020539387,0.7608324879959334,0.10346847612636366,-0.1827435374544443,0.22718580888928427,0023-01-12 17:56:42,4.0,4850.0,0.0,500.0,850.0,3500.0,15.0,20.0,53.3333333333333,90.0,190.0,13.0,B,0.319347222387799
P002,T01,10.0,1.83,3.74,99.77,2.0,B,1.0402767116551463,1.556037135706985,4.612840692292311,-1.0402767116551463,-1.556037135706985,-4.612840692292311,0.6159294618350758,-0.8952800328625661,0.8664074843227105,0.19568563776507342,0022-11-07 19:15:12,7.0,1700.0,-300.0,500.0,1000.0,500.0,11.0,22.0,54.5454545454545,86.3636363636364,28.0,2.0,B,-1.10374765836202
P002,T02,8.0,2.52,3.89,141.99,3.0,B,1.2584609896100056,1.5871923034867808,4.962774697744756,-1.2584609896100056,-1.5871923034867808,-4.962774697744756,0.03540044524605517,-1.06834660527526,0.24212011303816475,-0.2636086823303467,0022-11-09 19:23:41,10.0,2080.0,-300.0,350.0,1030.0,1000.0,11.0,22.0,45.4545454545455,86.3636363636364,54.0,3.0,B,-0.932072720366806
P002,T03,1.0,3.27,3.4,95.68,4.0,B,1.451613827240533,1.4816045409242156,4.571406555835282,-1.451613827240533,-1.4816045409242156,-4.571406555835282,-0.4785267172978375,-0.4818078876991939,0.9403265882884974,-0.006669338902844675,0022-11-14 18:56:37,7.0,2020.0,-100.0,50.0,1070.0,1000.0,12.0,23.0,25.0,91.304347826087,51.0,4.0,B,-0.959179289523946
P002,T04,8.0,1.58,3.54,137.94,5.0,B,0.9477893989335261,1.5129270120532565,4.934042185264735,-0.9477893989335261,-1.5129270120532565,-4.934042185264735,0.8620130440460352,-0.6558038281516204,0.29337933451154125,0.16652951680198533,0022-11-16 19:17:05,9.0,3020.0,-50.0,500.0,1070.0,1500.0,15.0,22.0,40.0,90.9090909090909,84.0,5.0,B,-0.507403136904955
P002,T05,8.0,1.58,3.21,152.52,6.0,B,0.9477893989335261,1.43746264769429,5.033830851699444,-0.9477893989335261,-1.43746264769429,-5.033830851699444,0.8620130440460352,-0.2366002157294549,0.11535489766960337,0.24692257532872788,0022-11-21 18:48:08,5.0,3340.0,-50.0,600.0,1040.0,1750.0,13.0,22.0,61.5384615384615,90.9090909090909,122.0,6.0,B,-0.362834768066878
P002,T06,9.0,1.82,3.48,140.42,7.0,B,1.0367368849500223,1.4996230464268938,4.951734186176095,-1.0367368849500223,-1.4996230464268938,-4.951734186176095,0.6253479778495359,-0.5819004633318661,0.2618165467583579,0.10175468709200924,0022-11-23 19:07:45,8.0,4010.0,0.0,600.0,1160.0,2250.0,15.0,23.0,53.3333333333333,95.6521739130435,124.0,7.0,B,-0.0601447458121538
P002,T07,6.0,1.44,3.28,131.99,8.0,B,0.8919980393051105,1.4539530095937052,4.890273937425072,-0.8919980393051105,-1.4539530095937052,-4.890273937425072,1.0104586765308352,-0.3282039725106161,0.3714625272387674,0.3512390770863288,0022-11-28 18:33:51,3.0,4130.0,-100.0,700.0,1030.0,2500.0,15.0,22.0,66.6666666666667,90.9090909090909,127.0,8.0,B,-0.0059316074978748
P002,T08,1.0,3.11,3.36,70.64,9.0,B,1.413423028508143,1.4724720573609429,4.271653577192511,-1.413423028508143,-1.4724720573609429,-4.271653577192511,-0.37691138993015916,-0.4310770542438257,1.4750902756005009,0.222367277142172,0022-11-30 18:51:40,5.0,4180.0,-50.0,350.0,1130.0,2750.0,12.0,22.0,66.6666666666667,95.4545454545455,162.0,9.0,B,0.0166572001330747
P002,T09,7.0,1.94,3.29,161.22,10.0,B,1.0784095813505903,1.4562867329399256,5.088953438642199,-1.0784095813505903,-1.4562867329399256,-5.088953438642199,0.5144682678777671,-0.34116777688954075,0.017015398321996455,0.06343862977007426,0022-12-05 18:48:24,6.0,4420.0,-100.0,650.0,1120.0,2750.0,15.0,22.0,73.3333333333333,95.4545454545455,144.0,10.0,B,0.125083476761633
P002,T10,4.0,1.64,3.35,126.52,11.0,B,0.9707789171582247,1.4701758451005926,4.848273215041905,-0.9707789171582247,-1.4701758451005926,-4.848273215041905,0.8008441892965611,-0.4183216234838431,0.4463924287633073,0.27630499819200843,0022-12-07 19:30:39,10.0,4670.0,0.0,150.0,1020.0,3500.0,12.0,21.0,58.3333333333333,95.2380952380952,183.0,11.0,B,0.23802751491638
P003,E1,4.0,2.87,3.25,71.24,1.0,B,1.3532545070416904,1.4469189829363254,4.27999390910873,-1.3532545070416904,-1.4469189829363254,-4.27999390910873,-0.2168193204009247,-0.2891300412624682,1.4602110017760417,0.3180872133708829,0022-10-19 17:33:16,8.0,3020.0,0.0,1050.0,970.0,1000.0,14.0,21.0,85.7142857142857,90.4761904761905,54.0,1.0,B,-0.507403136904955
P003,E2,5.0,1.08,2.11,66.79,12.0,B,0.7323678937132266,1.1346227261911428,4.216414691442874,-0.7323678937132266,-1.1346227261911428,-4.216414691442874,1.435191073874292,1.445671809724639,1.5736372537163925,1.4848333791051076,0022-12-09 14:21:25,1.0,7870.0,0.0,1150.0,1220.0,5500.0,15.0,24.0,100.0,95.8333333333333,258.0,12.0,B,1.68371120329715
P003,E3,1.0,1.41,2.05,73.85,13.0,B,0.8796267475025636,1.1151415906193203,4.3154861108656375,-0.8796267475025636,-1.1151415906193203,-4.3154861108656375,1.043375318973579,1.5538892773355433,1.3968923960084416,1.3313856641058546,0023-01-18 19:07:29,3.0,7000.0,-100.0,750.0,1100.0,5250.0,11.0,23.0,100.0,86.9565217391304,262.0,13.0,B,1.29066595051863
P003,T01,6.0,1.61,2.47,105.42,2.0,B,0.9593502213346021,1.244154593958768,4.667393529168224,-0.9593502213346021,-1.244154593958768,-4.667393529168224,0.831252840229491,0.8372236364236239,0.7690844274070362,0.8125203013533837,0022-10-28 17:08:41,9.0,3860.0,-100.0,650.0,1060.0,2250.0,10.0,22.0,80.0,95.4545454545455,118.0,2.0,B,-0.127911168705002
P003,T02,4.0,1.43,2.42,78.55,3.0,B,0.887891257352457,1.2296405510745139,4.376385754783795,-0.887891257352457,-1.2296405510745139,-4.376385754783795,1.0213857062447393,0.9178489654728124,1.2882465427291199,1.0758270714822238,0022-11-08 17:09:01,10.0,5190.0,0.0,550.0,1140.0,3500.0,8.0,23.0,100.0,95.6521739130435,206.0,3.0,B,0.472951114278255
P003,T03,1.0,2.14,2.22,44.51,4.0,B,1.144222799920162,1.169381359556317,3.8179320820285505,-1.144222799920162,-1.169381359556317,-3.8179320820285505,0.33935719473868253,1.2525880304692012,2.28453604279587,1.292160422667918,0022-11-10 17:26:29,5.0,5430.0,-50.0,1350.0,1130.0,3000.0,17.0,23.0,94.1176470588235,91.304347826087,163.0,4.0,B,0.581377390906813
P003,T04,5.0,1.35,2.37,74.68,5.0,B,0.8544153281560676,1.2149127443642704,4.326513924743623,-0.8544153281560676,-1.2149127443642704,-4.326513924743623,1.1104560482416284,0.9996617499365018,1.3772186151536723,1.162445471110601,0022-11-17 18:57:36,9.0,6590.0,0.0,1200.0,1140.0,4250.0,18.0,22.0,83.3333333333333,95.4545454545455,215.0,5.0,B,1.10543772794484
P003,T05,8.0,1.03,2.38,80.42,6.0,B,0.7080357930536961,1.2178757094949273,4.399620943074833,-0.7080357930536961,-1.2178757094949273,-4.399620943074833,1.4999321752947379,0.9832025152128917,1.2467946278151674,1.2433097727742657,0022-11-18 16:55:10,8.0,6950.0,-100.0,750.0,1050.0,5250.0,15.0,22.0,80.0,90.9090909090909,261.0,6.0,B,1.26807714288768
P003,T06,9.0,1.23,2.23,123.86,7.0,B,0.8020015854720274,1.172482137234565,4.8271931096335985,-0.8020015854720274,-1.172482137234565,-4.8271931096335985,1.2499147607635779,1.2353632487449888,0.4839996443716836,0.9897592179600833,0022-11-23 17:54:52,9.0,7510.0,-100.0,700.0,1160.0,5750.0,12.0,23.0,83.3333333333333,95.6521739130435,283.0,7.0,B,1.52107178835431
P003,T07,7.0,1.4,2.31,56.4,8.0,B,0.8754687373538999,1.1969481893889715,4.050044303325521,-0.8754687373538999,-1.1969481893889715,-4.050044303325521,1.05443865298278,1.09945463105559,1.870444453471338,1.3414459125032359,0022-11-24 10:55:33,8.0,6890.0,0.0,650.0,1240.0,5000.0,11.0,23.0,90.9090909090909,100.0,248.0,8.0,B,1.24097057373054
P003,T08,6.0,1.15,2.13,84.42,9.0,B,0.7654678421395714,1.1410330045520618,4.44758026541332,-0.7654678421395714,-1.1410330045520618,-4.44758026541332,1.3471211144381277,1.4100627925632878,1.161234497034019,1.3061394680118115,0022-11-29 16:31:39,9.0,7260.0,0.0,850.0,1160.0,5250.0,15.0,22.0,80.0,95.4545454545455,253.0,9.0,B,1.40812775019957
P003,T09,1.0,1.04,2.02,74.24,10.0,B,0.712949807856125,1.1052568313867783,4.32068300443283,-0.712949807856125,-1.1052568313867783,-4.32068300443283,1.4868573185383398,1.6087989928470157,1.3876210620615923,1.4944257911489827,0022-12-02 15:54:59,8.0,7720.0,-300.0,950.0,1070.0,6000.0,17.0,21.0,76.4705882352941,95.2380952380952,293.0,10.0,B,1.6159447804043
P003,T10,9.0,1.28,2.11,91.17,11.0,B,0.8241754429663495,1.1346227261911428,4.523634698005573,-0.8241754429663495,-1.1346227261911428,-4.523634698005573,1.1909161573544582,1.445671809724639,1.0255522796508687,1.2207134155766555,0022-12-07 20:32:22,9.0,8020.0,0.0,1150.0,1120.0,5750.0,15.0,23.0,100.0,95.6521739130435,279.0,11.0,B,1.75147762619
P004,E1,5.0,3.01,4.42,131.69,1.0,A,1.3887912413184778,1.6900958154515549,4.888015580548345,-1.3887912413184778,-1.6900958154515549,-4.888015580548345,-0.3113729041690317,-1.6399743439171124,0.37549146885640694,-0.5252852597432457,0022-10-27 17:13:19,8.0,2170.0,-590.0,1000.0,1010.0,750.0,14.0,20.0,85.7142857142857,95.0,46.0,1.0,A,-0.891412866631097
P004,E2,5.0,1.08,2.61,67.34,12.0,A,0.7323678937132266,1.2837077723447896,4.2244952466871455,-0.7323678937132266,-1.2837077723447896,-4.2244952466871455,1.435191073874292,0.6175062187650399,1.5592214252648438,1.2039729059680584,0022-12-14 19:16:40,5.0,6350.0,-750.0,1100.0,1000.0,5000.0,17.0,21.0,88.2352941176471,85.7142857142857,262.0,12.0,A,0.997011451316285
P004,E3,2.0,0.95,2.85,64.25,13.0,A,0.6678293725756554,1.3480731482996928,4.178226046202803,-0.6678293725756554,-1.3480731482996928,-4.178226046202803,1.6069105238699304,0.25995734991274105,1.6417663539992227,1.1695447425939647,0023-01-10 17:32:45,5.0,6355.0,-475.0,600.0,980.0,5250.0,14.0,20.0,78.5714285714286,90.0,263.0,13.0,A,0.99927033207938
P004,T01,8.0,2.14,3.63,102.57,2.0,A,1.144222799920162,1.5325568680981427,4.640247712600788,-1.144222799920162,-1.5325568680981427,-4.640247712600788,0.33935719473868253,-0.7648474361544703,0.817512960222376,0.13067423960219607,0022-11-15 19:11:47,9.0,2905.0,-385.0,700.0,1090.0,1500.0,9.0,21.0,100.0,95.2380952380952,79.0,2.0,A,-0.559357394456139
P004,T02,4.0,2.23,3.62,134.44,3.0,A,1.172482137234565,1.5303947050936475,4.90852873782488,-1.172482137234565,-1.5303947050936475,-4.90852873782488,0.264166784804645,-0.7528366473559521,0.33889569698691685,-0.04992472185479676,0022-11-17 19:43:46,4.0,2945.0,-705.0,900.0,1000.0,1750.0,14.0,22.0,78.5714285714286,86.3636363636364,95.0,3.0,A,-0.541286348351379
P004,T03,3.0,1.1,3.15,211.12,4.0,A,0.7419373447293773,1.423108334242607,5.357152152268929,-0.7419373447293773,-1.423108334242607,-5.357152152268929,1.4097293676515725,-0.1568621817063718,-0.46145501982283776,0.263804055374121,0022-11-22 18:56:28,7.0,4235.0,-185.0,1100.0,1070.0,2250.0,14.0,21.0,92.8571428571429,95.2380952380952,110.0,4.0,A,0.0415048885271192
P004,T04,7.0,1.39,2.97,89.44,5.0,A,0.8712933659434192,1.3787660946990992,4.504686647409769,-0.8712933659434192,-1.3787660946990992,-4.504686647409769,1.0655481805873388,0.08945841156208291,1.0593558783669372,0.7381208235054529,0022-11-25 09:49:48,3.0,3865.0,-185.0,900.0,1150.0,2000.0,11.0,22.0,100.0,95.4545454545455,107.0,5.0,A,-0.125652287941907
P004,T05,10.0,1.24,3.01,75.46,6.0,A,0.8064758658669485,1.3887912413184778,4.336767728268267,-0.8064758658669485,-1.3887912413184778,-4.336767728268267,1.2380099176559343,0.03376884584978625,1.3589256800621212,0.8769014811892806,0022-11-30 11:39:14,6.0,4805.0,-135.0,1050.0,890.0,3000.0,14.0,19.0,92.8571428571429,89.4736842105263,162.0,6.0,A,0.299017295519944
P004,T06,5.0,1.16,2.58,89.42,7.0,A,0.7701082216960737,1.275362800412609,4.504465481866459,-0.7701082216960737,-1.275362800412609,-4.504465481866459,1.3347743266411929,0.6638624348313593,1.0597504409230196,1.019462400798524,0022-12-02 19:16:24,9.0,4860.0,-520.0,850.0,1030.0,3500.0,11.0,20.0,100.0,95.0,172.0,7.0,A,0.323864983913988
P004,T07,9.0,0.95,2.98,40.73,8.0,A,0.6678293725756554,1.3812818192963463,3.731220294603461,-0.6678293725756554,-1.3812818192963463,-3.731220294603461,1.6069105238699304,0.07548359248047236,2.4392311366922246,1.3738750843475425,0022-12-03 11:07:16,6.0,5390.0,-290.0,850.0,1080.0,3750.0,11.0,21.0,100.0,95.2380952380952,188.0,8.0,A,0.563306344802054
P004,T08,6.0,1.39,2.73,62.75,9.0,A,0.8712933659434192,1.3164082336557241,4.154969184038536,-0.8712933659434192,-1.3164082336557241,-4.154969184038536,1.0655481805873388,0.43585555986319713,1.6832569354192395,1.0615535586232585,0022-12-07 13:48:38,7.0,5895.0,-435.0,650.0,930.0,4750.0,11.0,20.0,90.9090909090909,85.0,236.0,9.0,A,0.791453301874644
P004,T09,9.0,0.98,2.85,56.44,10.0,A,0.6830968447064438,1.3480731482996928,4.050740924739968,-0.6830968447064438,-1.3480731482996928,-4.050740924739968,1.566287933347067,0.25995734991274105,1.869201670704217,1.2318156513213416,0022-12-12 19:27:01,9.0,6575.0,-525.0,850.0,1000.0,5250.0,14.0,21.0,85.7142857142857,90.4761904761905,278.0,10.0,A,1.09866108565556
P004,T10,3.0,1.09,2.95,56.88,11.0,A,0.7371640659767196,1.3737155789130306,4.058371901763283,-0.7371640659767196,-1.3737155789130306,-4.058371901763283,1.422429764060332,0.11751396440612587,1.8555878963582275,1.1318438749415618,0022-12-13 19:01:45,4.0,6125.0,-455.0,450.0,880.0,5250.0,11.0,19.0,81.8181818181818,89.4736842105263,284.0,11.0,A,0.895361816977012
P005,E1,1.0,6.36,3.84,189.88,1.0,A,1.9960599327407849,1.5769147207285403,5.251644958349606,-1.9960599327407849,-1.5769147207285403,-5.251644958349606,-1.9271497123844736,-1.0112547599278576,-0.2732286465147015,-1.0705443729423443,0023-01-18 15:26:53,6.0,1320.0,-240.0,300.0,760.0,500.0,13.0,18.0,38.4615384615385,83.3333333333333,28.0,1.0,A,-1.27542259635724
P005,E2,4.0,1.88,2.48,43.54,12.0,A,1.0577902941478545,1.247032293786383,3.7963876618292214,-1.0577902941478545,-1.247032293786383,-3.7963876618292214,0.5693305825906874,0.8212380494058289,2.3229716027658105,1.2378467449207757,0023-04-17 18:38:11,4.0,6090.0,-150.0,1000.0,740.0,4500.0,15.0,21.0,100.0,76.1904761904762,244.0,12.0,A,0.879549651635347
P005,E3,2.0,1.29,2.88,63.51,13.0,A,0.8285518175661483,1.355835153635182,4.16682025054415,-0.8285518175661483,-1.355835153635182,-4.16682025054415,1.1792718149368437,0.2168395060944411,1.6621144598654773,1.0194085936322541,0023-05-16 14:26:31,1.0,6490.0,-50.0,1250.0,1040.0,4250.0,17.0,23.0,100.0,86.9565217391304,228.0,13.0,A,1.06026011268294
P005,T01,8.0,2.43,3.21,129.94,2.0,A,1.2325602611778486,1.43746264769429,4.874739203012945,-1.2325602611778486,-1.43746264769429,-4.874739203012945,0.10431523849605412,-0.2366002157294549,0.39917672008267624,0.08896391428309182,0023-03-06 19:45:03,8.0,2040.0,-340.0,500.0,1130.0,750.0,8.0,22.0,87.5,95.4545454545455,43.0,2.0,A,-0.950143766471566
P005,T02,8.0,2.42,3.03,96.96,3.0,A,1.2296405510745139,1.3937663759585914,4.584559232083967,-1.2296405510745139,-1.3937663759585914,-4.584559232083967,0.112083792907498,0.00613203434095788,0.916862021962537,0.34502594973699763,0023-03-07 18:11:46,4.0,2645.0,-305.0,500.0,1200.0,1250.0,10.0,23.0,70.0,95.6521739130435,71.0,3.0,A,-0.676819194137076
P005,T03,3.0,2.47,3.01,53.29,4.0,A,1.244154593958768,1.3887912413184778,3.9943400479173596,-1.244154593958768,-1.3887912413184778,-3.9943400479173596,0.07346587267371228,0.03376884584978625,1.9698216578478067,0.6923521254571018,0023-03-13 19:24:30,9.0,3465.0,-405.0,850.0,1020.0,2000.0,15.0,22.0,73.3333333333333,86.3636363636364,101.0,4.0,A,-0.306362748989504
P005,T04,1.0,1.67,2.52,69.63,5.0,A,0.9820784724121582,1.2584609896100056,4.257454983420831,-0.9820784724121582,-1.2584609896100056,-4.257454983420831,0.7707791462927913,0.7577517851904794,1.5004207740474829,1.0096505685102513,0023-03-14 18:13:41,3.0,3845.0,-225.0,950.0,1120.0,2000.0,12.0,21.0,100.0,100.0,105.0,5.0,A,-0.134687810994287
P005,T05,8.0,1.51,2.91,47.51,6.0,A,0.9202827531436925,1.3635373739972745,3.8817699622571253,-0.9202827531436925,-1.3635373739972745,-3.8817699622571253,0.93520074656848,0.1740537670653271,2.170648333069727,1.093300948901178,0023-03-20 19:23:30,8.0,3980.0,-260.0,900.0,1090.0,2250.0,14.0,22.0,78.5714285714286,90.9090909090909,123.0,6.0,A,-0.0736980303907235
P005,T06,5.0,1.36,2.49,56.46,7.0,A,0.8586616190375188,1.2499017362143359,4.051089053551143,-0.8586616190375188,-1.2499017362143359,-4.051089053551143,1.0991578232152137,0.8052983321412206,1.8685806038258614,1.257678919727432,0023-03-23 18:34:43,4.0,4560.0,-240.0,650.0,1150.0,3000.0,11.0,22.0,81.8181818181818,100.0,153.0,7.0,A,0.188332138128291
P005,T07,6.0,1.83,2.4,59.97,8.0,A,1.0402767116551463,1.2237754316221157,4.110381939919725,-1.0402767116551463,-1.2237754316221157,-4.110381939919725,0.6159294618350758,0.9504296316272037,1.76280122945767,1.1097201076399832,0023-03-27 19:27:24,8.0,5275.0,-185.0,700.0,1010.0,3750.0,10.0,22.0,100.0,86.3636363636364,197.0,8.0,A,0.51135208725087
P005,T08,4.0,1.28,2.52,52.59,9.0,A,0.8241754429663495,1.2584609896100056,3.981362483506759,-0.8241754429663495,-1.2584609896100056,-3.981362483506759,1.1909161573544582,0.7577517851904794,1.992973822099734,1.3138805882148905,0023-03-28 16:52:37,3.0,5300.0,-240.0,900.0,1140.0,3500.0,14.0,22.0,85.7142857142857,95.4545454545455,176.0,9.0,A,0.522646491066345
P005,T09,10.0,1.41,2.68,44.77,10.0,A,0.8796267475025636,1.3029127521808397,3.8236288546655506,-0.8796267475025636,-1.3029127521808397,-3.8236288546655506,1.043375318973579,0.5108227928572663,2.27437291729522,1.2761903430420218,0023-04-04 19:14:20,6.0,6825.0,-105.0,1000.0,1180.0,4750.0,14.0,22.0,92.8571428571429,100.0,246.0,10.0,A,1.21160512381031
P005,T10,9.0,1.49,2.25,48.82,11.0,A,0.9122827104766164,1.1786549963416462,3.9084165098340344,-0.9122827104766164,-1.1786549963416462,-3.9084165098340344,0.9564866840600381,1.2010730926078161,2.1231105034178506,1.4268900933619015,0023-04-05 19:15:18,9.0,6770.0,-260.0,850.0,1180.0,5000.0,12.0,22.0,100.0,100.0,247.0,11.0,A,1.18675743541626
P006,E1,4.0,2.63,5.41,315.15,1.0,B,1.2892326482767593,1.8578592709325787,5.756216784504622,-1.2892326482767593,-1.8578592709325787,-5.756216784504622,-0.04647456844452536,-2.57189826810921,-1.1733921461073857,-1.2639216608870403,0023-01-19 18:32:00,0.0,485.0,-895.0,200.0,680.0,500.0,11.0,19.0,36.3636363636364,78.9473684210526,27.0,1.0,B,-1.6526556837941
P006,E2,1.0,1.77,3.35,91.59,12.0,B,1.0188473201992472,1.4701758451005926,4.528181144459956,-1.0188473201992472,-1.4701758451005926,-4.528181144459956,0.6729472436138717,-0.4183216234838431,1.0174413528433321,0.4240223243244536,0023-04-21 15:06:59,2.0,4300.0,-100.0,600.0,800.0,3000.0,8.0,19.0,100.0,84.2105263157895,155.0,12.0,B,0.0708703384473536
P006,E3,5.0,1.95,3.69,84.39,13.0,B,1.0818051703517284,1.5454325824581878,4.447228997919515,-1.0818051703517284,-1.5454325824581878,-4.447228997919515,0.5054335291603466,-0.8363718704765031,1.1618611633679803,0.2769742740172746,0023-05-23 19:21:38,2.0,4530.0,-50.0,600.0,980.0,3000.0,12.0,20.0,66.6666666666667,90.0,150.0,13.0,B,0.174778853549722
P006,T01,10.0,3.38,4.63,79.53,2.0,B,1.4770487243883548,1.728109442151599,4.388629785807454,-1.4770487243883548,-1.728109442151599,-4.388629785807454,-0.546202060208305,-1.8511395709655367,1.2664030127417925,-0.3769795394773497,0023-03-07 11:48:51,5.0,2150.0,-50.0,1000.0,950.0,250.0,19.0,20.0,57.8947368421053,90.0,18.0,2.0,B,-0.900448389683477
P006,T02,5.0,1.55,4.81,85.93,3.0,B,0.9360933591703348,1.7595805708638197,4.465103197090973,-0.9360933591703348,-1.7595805708638197,-4.465103197090973,0.8931330244834722,-2.0259613024573797,1.1299733312604994,-0.0009516489044693414,0023-03-15 11:47:57,6.0,2090.0,-50.0,850.0,790.0,500.0,14.0,19.0,71.4285714285714,84.2105263157895,31.0,3.0,B,-0.927554958840616
P006,T03,5.0,2.65,4.08,104.63,4.0,B,1.2947271675944,1.6253112615903906,4.659942421835071,-1.2947271675944,-1.6253112615903906,-4.659942421835071,-0.06109398981621241,-1.2800969469701977,0.7823773116014676,-0.18627120839498082,0023-03-16 12:28:40,9.0,2670.0,-50.0,900.0,1070.0,750.0,13.0,21.0,84.6153846153846,95.2380952380952,46.0,4.0,B,-0.665524790321602
P006,T04,9.0,1.91,4.53,78.44,5.0,B,1.0681530811834012,1.7101878155342434,4.375002019736917,-1.0681530811834012,-1.7101878155342434,-4.375002019736917,0.5417580250111168,-1.7515851563448819,1.2907151462415247,0.02696267163591992,0023-03-17 10:33:54,8.0,2910.0,-50.0,850.0,1110.0,1000.0,10.0,20.0,100.0,100.0,57.0,5.0,B,-0.557098513693044
P006,T05,7.0,1.3,3.76,140.8,6.0,B,0.8329091229351039,1.5602476682433286,4.954417614098027,-0.8329091229351039,-1.5602476682433286,-4.954417614098027,1.1676782105555912,-0.9186694891238053,0.25702927219426286,0.16867933120868292,0023-03-23 15:35:16,5.0,3090.0,0.0,850.0,990.0,1250.0,12.0,20.0,83.3333333333333,95.0,62.0,6.0,B,-0.475778806221625
P006,T06,10.0,1.42,3.92,100.27,7.0,B,0.883767540168595,1.5933085305042167,4.617790217344194,-0.883767540168595,-1.5933085305042167,-4.617790217344194,1.0323577960024344,-1.1023221708535655,0.8575774594162949,0.26253769485505457,0023-03-24 15:55:08,8.0,4440.0,-50.0,800.0,940.0,2750.0,13.0,19.0,76.9230769230769,94.7368421052632,137.0,7.0,B,0.134118999814012
P006,T07,3.0,1.45,3.59,99.32,8.0,B,0.8960880245566357,1.5238800240724537,4.608365076884611,-0.8960880245566357,-1.5238800240724537,-4.608365076884611,0.9995763382698594,-0.7166476747056039,0.8743920475095353,0.3857735703579303,0023-04-03 17:19:56,7.0,4000.0,-150.0,1100.0,800.0,2250.0,14.0,20.0,92.8571428571429,80.0,113.0,8.0,B,-0.0646625073383437
P006,T08,1.0,1.43,3.94,93.99,9.0,B,0.887891257352457,1.597365331199831,4.553771622902091,-0.887891257352457,-1.597365331199831,-4.553771622902091,1.0213857062447393,-1.1248576486373416,0.9717875659360024,0.2894385411811334,0023-04-06 10:52:16,3.0,4410.0,-100.0,850.0,910.0,2750.0,14.0,19.0,85.7142857142857,89.4736842105263,155.0,9.0,B,0.120565715235443
P006,T09,2.0,1.33,3.18,108.29,10.0,B,0.8458682675776092,1.430311246536665,4.694004899688582,-0.8458682675776092,-1.430311246536665,-4.694004899688582,1.1331974516041832,-0.19687427058140883,0.7216093541372814,0.5526441783866852,0023-04-13 11:14:58,1.0,3990.0,-150.0,750.0,890.0,2500.0,11.0,21.0,90.9090909090909,80.9523809523809,130.0,10.0,B,-0.0691802688645336
P006,T10,7.0,1.3,3.62,89.04,11.0,B,0.8329091229351039,1.5303947050936475,4.500254016038531,-0.8329091229351039,-1.5303947050936475,-4.500254016038531,1.1676782105555912,-0.7528366473559521,1.067263757405573,0.49403510686840396,0023-04-18 15:07:16,9.0,4420.0,-350.0,600.0,920.0,3250.0,12.0,20.0,75.0,85.0,171.0,11.0,B,0.125083476761633
P007,E1,5.0,3.27,3.31,444.31,1.0,B,1.451613827240533,1.4609379041156565,6.098770668846224,-1.451613827240533,-1.4609379041156565,-6.098770668846224,-0.4785267172978375,-0.3670049753529843,-1.7845132736537925,-0.8766816554348714,0023-01-20 18:26:40,0.0,2185.0,-85.0,200.0,570.0,1500.0,13.0,18.0,30.7692307692308,77.7777777777778,83.0,1.0,B,-0.884636224341812
P007,E2,3.0,1.6,2.64,202.85,12.0,B,0.9555114450274363,1.2919836816486494,5.317384429265262,-0.9555114450274363,-1.2919836816486494,-5.317384429265262,0.8414667798194244,0.571533644746479,-0.3905088217709165,0.3408305342649957,0023-04-20 11:43:29,2.0,7925.0,-705.0,400.0,980.0,7250.0,12.0,20.0,83.3333333333333,90.0,335.0,12.0,B,1.7085588916912
P007,E3,1.0,1.66,2.95,157.12,13.0,B,0.9783261227936078,1.3737155789130306,5.063354238428484,-0.9783261227936078,-1.3737155789130306,-5.063354238428484,0.7807631279727452,0.11751396440612587,0.06268474499707548,0.3203206124586488,0023-05-23 14:32:51,3.0,7835.0,-85.0,600.0,820.0,6500.0,14.0,18.0,92.8571428571429,94.4444444444444,328.0,13.0,B,1.66789903795549
P007,T01,8.0,2.36,3.08,276.53,2.0,B,1.2119409739751128,1.4060969884160703,5.625929035451337,-1.2119409739751128,-1.4060969884160703,-5.625929035451337,0.15917755320897442,-0.06236436564148945,-0.9409569008905286,-0.28138123777434787,0023-03-21 11:06:09,9.0,3535.0,-385.0,450.0,970.0,2500.0,10.0,21.0,70.0,85.7142857142857,136.0,2.0,B,-0.274738418306174
P007,T02,6.0,2.27,2.87,232.58,3.0,B,1.184789984909162,1.3532545070416904,5.45352463085042,-1.184789984909162,-1.3532545070416904,-5.45352463085042,0.23141894992930384,0.23117496606374147,-0.6333849276922549,-0.05693033723306984,0023-03-24 11:08:22,10.0,3995.0,-335.0,150.0,930.0,3250.0,10.0,19.0,70.0,89.4736842105263,171.0,3.0,B,-0.0669213881014386
P007,T03,9.0,2.47,2.78,112.96,4.0,B,1.244154593958768,1.3297240096314962,4.735847509629708,-1.244154593958768,-1.3297240096314962,-4.735847509629708,0.07346587267371228,0.36188658869827023,0.646961527516213,0.36077132962939856,0023-03-29 15:12:06,9.0,4100.0,-450.0,100.0,450.0,4000.0,16.0,17.0,37.5,58.8235294117647,196.0,4.0,B,-0.0194848920764446
P007,T04,8.0,2.83,2.74,175.18,5.0,B,1.3428648031925547,1.3190856114264407,5.17150619968165,-1.3428648031925547,-1.3190856114264407,-5.17150619968165,-0.1891751445018815,0.4209827593985389,-0.13025993182194312,0.03384922769157143,0023-03-31 12:06:40,6.0,5610.0,-300.0,350.0,810.0,4750.0,13.0,19.0,69.2307692307692,84.2105263157895,214.0,5.0,B,0.662697098378232
P007,T05,4.0,2.78,2.65,201.28,6.0,B,1.3297240096314962,1.2947271675944,5.309652876211782,-1.3297240096314962,-1.2947271675944,-5.309652876211782,-0.15421106718747954,0.5562936141855978,-0.37671561831970174,0.008455642892805482,0023-04-04 16:26:21,10.0,6800.0,-50.0,450.0,900.0,5500.0,12.0,18.0,83.3333333333333,94.4444444444444,257.0,6.0,B,1.20031071999483
P007,T06,3.0,2.53,3.04,156.43,7.0,B,1.2612978709452054,1.3962446919730587,5.058980915026537,-1.2612978709452054,-1.3962446919730587,-5.058980915026537,0.027852275656842146,-0.007634980525111538,0.07048681775319068,0.030234704294973765,0023-04-07 12:10:03,9.0,6520.0,-150.0,350.0,820.0,5500.0,16.0,19.0,62.5,84.2105263157895,261.0,7.0,B,1.07381339726151
P007,T07,4.0,1.81,3.19,197.64,8.0,B,1.0331844833456545,1.4327007339340463,5.2914941411999115,-1.0331844833456545,-1.4327007339340463,-5.2914941411999115,0.6347999522504574,-0.21014784357613675,-0.34432017012153027,0.02677731285093012,0023-04-11 16:37:42,6.0,7640.0,-300.0,250.0,690.0,7000.0,11.0,18.0,72.7272727272727,77.7777777777778,316.0,8.0,B,1.57980268819478
P007,T08,9.0,1.7,2.7,218.27,9.0,B,0.9932517730102834,1.308332819650179,5.39030384716041,-0.9932517730102834,-1.308332819650179,-5.39030384716041,0.7410500325863254,0.4807143849746934,-0.5205981271943854,0.2337220967888778,0023-04-13 19:54:52,7.0,6950.0,-350.0,250.0,800.0,6250.0,12.0,20.0,66.6666666666667,75.0,300.0,9.0,B,1.26807714288768
P007,T09,7.0,1.61,2.69,222.67,10.0,B,0.9593502213346021,1.3056264580524357,5.410171751322179,-0.9593502213346021,-1.3056264580524357,-5.410171751322179,0.831252840229491,0.4957481902406853,-0.5560427580928525,0.2569860907924412,0023-04-14 19:28:35,8.0,8215.0,-385.0,850.0,1000.0,6750.0,19.0,20.0,84.2105263157895,95.0,339.0,10.0,B,1.8395739759507
P007,T10,5.0,1.96,2.65,159.71,11.0,B,1.085189268335969,1.2947271675944,5.0796014985609785,-1.085189268335969,-1.2947271675944,-5.0796014985609785,0.4964293649132851,0.5562936141855978,0.0336993958722407,0.36214079165704116,0023-04-18 18:19:28,10.0,8445.0,-405.0,500.0,850.0,7500.0,16.0,19.0,81.25,84.2105263157895,373.0,11.0,B,1.94348249105307
P008,E1,2.0,6.57,4.14,69.29,1.0,A,2.0241930674493576,1.6370530794670737,4.252629541187814,-2.0241930674493576,-1.6370530794670737,-4.252629541187814,-2.0020043315120404,-1.3453226003248708,1.509029433394666,-0.6127658328140818,0023-01-30 19:28:36,0.0,2490.0,-100.0,300.0,1040.0,1250.0,13.0,22.0,46.1538461538462,86.3636363636364,77.0,1.0,A,-0.74684449779302
P008,E2,1.0,1.48,2.5,161.19,12.0,A,0.9082585601768908,1.252762968495368,5.088768487499598,-0.9082585601768908,-1.252762968495368,-5.088768487499598,0.9671938534216611,0.7894042221414047,0.017345353858844663,0.5913144764739702,0023-04-04 17:46:50,3.0,6710.0,-100.0,650.0,1160.0,5000.0,11.0,22.0,100.0,95.4545454545455,283.0,12.0,A,1.15965086625912
P008,E3,5.0,1.53,2.89,165.04,13.0,A,0.928219302739429,1.358409157630355,5.112228723184838,-0.928219302739429,-1.358409157630355,-5.112228723184838,0.9140837468693717,0.20254094567679978,-0.024508048889819823,0.36403888121878386,0023-05-02 18:38:30,3.0,6740.0,-50.0,700.0,1090.0,5000.0,15.0,20.0,80.0,100.0,280.0,13.0,A,1.17320415083769
P008,T01,8.0,2.53,3.54,88.31,2.0,A,1.2612978709452054,1.5129270120532565,4.4921134636957945,-1.2612978709452054,-1.5129270120532565,-4.4921134636957945,0.027852275656842146,-0.6558038281516204,1.0817866215561454,0.15127835635378903,0023-03-02 12:12:29,3.0,2675.0,-185.0,1050.0,1060.0,750.0,19.0,20.0,63.1578947368421,100.0,41.0,2.0,A,-0.663265909558507
P008,T02,10.0,2.33,2.86,187.02,3.0,A,1.2029723039923526,1.3506671834767394,5.236548340150405,-1.2029723039923526,-1.3506671834767394,-5.236548340150405,0.18304074451683058,0.24554751652707232,-0.24629605938679414,0.06076406721903626,0023-03-03 18:41:16,3.0,3890.0,-50.0,300.0,1140.0,2500.0,12.0,22.0,50.0,95.4545454545455,142.0,3.0,A,-0.114357884126433
P008,T03,2.0,1.74,2.99,161.83,4.0,A,1.007957920399979,1.3837912309017721,5.092706711776129,-1.007957920399979,-1.3837912309017721,-5.092706711776129,0.7019209745168004,0.06154384199049654,0.010319504290592715,0.25792810693262985,0023-03-08 18:19:53,10.0,4600.0,-50.0,400.0,1000.0,3250.0,11.0,21.0,72.7272727272727,90.4761904761905,196.0,4.0,A,0.206403184233051
P008,T04,4.0,1.71,2.46,182.06,5.0,A,0.9969486348916096,1.2412685890696329,5.2098139679566335,-0.9969486348916096,-1.2412685890696329,-5.2098139679566335,0.7312136886822257,0.8532553579556384,-0.19860154933706942,0.4619558324335982,0023-03-10 18:56:28,6.0,4760.0,0.0,900.0,1110.0,2750.0,18.0,21.0,72.2222222222222,95.2380952380952,164.0,5.0,A,0.278687368652089
P008,T05,2.0,1.87,2.53,119.54,6.0,A,1.0543120297715298,1.2612978709452054,4.7919816480548985,-1.0543120297715298,-1.2612978709452054,-4.7919816480548985,0.5785852979934267,0.7419929443941551,0.546817405565346,0.6224652159843093,0023-03-15 15:19:11,4.0,5040.0,-100.0,500.0,890.0,3750.0,13.0,20.0,76.9230769230769,85.0,218.0,6.0,A,0.405184691385407
P008,T06,3.0,1.53,2.77,184.17,7.0,A,0.928219302739429,1.3270750014599193,5.221274322049725,-0.928219302739429,-1.3270750014599193,-5.221274322049725,0.9140837468693717,0.37660179638992447,-0.21904698824637356,0.3572128516709742,0023-03-17 18:50:37,9.0,6610.0,-100.0,350.0,1110.0,5250.0,11.0,23.0,72.7272727272727,91.304347826087,295.0,7.0,A,1.11447325099722
P008,T07,2.0,1.38,2.77,118.73,8.0,A,0.8671004876833833,1.3270750014599193,4.785239207728752,-0.8671004876833833,-1.3270750014599193,-4.785239207728752,1.0767042891566267,0.37660179638992447,0.5588460174797852,0.6707173676754454,0023-03-21 18:42:23,3.0,5780.0,-100.0,650.0,980.0,4250.0,16.0,20.0,62.5,90.0,235.0,8.0,A,0.73949904432346
P008,T08,3.0,1.26,2.5,217.43,9.0,A,0.8153648132841944,1.252762968495368,5.3864655970747295,-0.8153648132841944,-1.252762968495368,-5.3864655970747295,1.2143588464100359,0.7894042221414047,-0.5137506330412411,0.4966708118367332,0023-03-23 11:48:01,7.0,5810.0,-150.0,750.0,960.0,4250.0,14.0,21.0,78.5714285714286,85.7142857142857,245.0,9.0,A,0.75305232890203
P008,T09,3.0,2.15,2.72,114.92,10.0,A,1.1474024528375417,1.3137236682850553,4.752900298012427,-1.1474024528375417,-1.3137236682850553,-4.752900298012427,0.3308970032046125,0.4507682873568611,0.6165391042402737,0.4660681316005824,0023-03-28 18:03:22,1.0,6360.0,0.0,1000.0,1110.0,4250.0,17.0,21.0,76.4705882352941,100.0,229.0,10.0,A,1.00152921284247
P008,T10,1.0,1.68,2.89,109.94,11.0,A,0.9858167945227652,1.358409157630355,4.708989514627088,-0.9858167945227652,-1.358409157630355,-4.708989514627088,0.7608324879959334,0.20254094567679978,0.6948765824605871,0.5527500053777734,0023-03-30 17:35:03,4.0,5870.0,-100.0,450.0,1020.0,4500.0,13.0,21.0,76.9230769230769,90.4761904761905,262.0,11.0,A,0.780158898059169
P009,E1,5.0,3.98,4.0,131.41,1.0,A,1.6054298910365616,1.6094379124341003,4.885903169351665,-1.6054298910365616,-1.6094379124341003,-4.885903169351665,-0.8877894244374279,-1.1919206883602012,0.3792600412514851,-0.5668166905153813,0023-03-16 17:37:34,0.0,760.0,-540.0,500.0,550.0,250.0,13.0,17.0,46.1538461538462,76.4705882352941,20.0,1.0,A,-1.52841724182387
P009,E2,5.0,1.06,2.17,136.15,12.0,A,0.7227059828014898,1.1537315878891892,4.9210752173836125,-0.7227059828014898,-1.1537315878891892,-4.9210752173836125,1.4608987907296824,1.3395223188869174,0.3165125944002751,1.0389779013389584,0023-05-12 09:43:28,4.0,2810.0,-120.0,750.0,930.0,1250.0,12.0,19.0,75.0,94.7368421052632,76.0,12.0,A,-0.602276128954943
P009,E3,2.0,1.39,2.26,113.06,13.0,A,0.8712933659434192,1.1817271953786161,4.736724625728393,-0.8712933659434192,-1.1817271953786161,-4.736724625728393,1.0655481805873388,1.1840070648831065,0.6453967395989837,0.964983995023143,0023-06-09 15:21:48,1.0,3360.0,-220.0,1450.0,880.0,1250.0,17.0,18.0,94.1176470588235,94.4444444444444,66.0,13.0,A,-0.353799245014498
P009,T01,10.0,2.81,3.2,198.98,2.0,A,1.3376291891386096,1.4350845252893227,5.298217361547703,-1.3376291891386096,-1.4350845252893227,-5.298217361547703,-0.1752445996135589,-0.22338977512728855,-0.35631449331416426,-0.2516496226850039,0023-03-29 17:22:02,4.0,325.0,-1085.0,250.0,910.0,250.0,12.0,19.0,41.6666666666667,89.4736842105263,20.0,2.0,A,-1.72493986821314
P009,T02,4.0,3.4,3.26,89.74,3.0,A,1.4816045409242156,1.449269160281279,4.507998274235818,-1.4816045409242156,-1.449269160281279,-4.507998274235818,-0.5583238488088129,-0.3021852474012351,1.053447887792439,0.06431293052746363,0023-03-31 15:12:27,2.0,1830.0,-290.0,850.0,1020.0,250.0,14.0,20.0,78.5714285714286,95.0,21.0,3.0,A,-1.04501675852155
P009,T03,5.0,1.71,3.14,248.59,4.0,A,0.9969486348916096,1.420695787837223,5.519819571590121,-0.9969486348916096,-1.420695787837223,-5.519819571590121,0.7312136886822257,-0.14346051620684816,-0.7516560692189027,-0.054634298914508404,0023-04-04 14:51:34,6.0,1515.0,-675.0,1300.0,640.0,250.0,15.0,21.0,93.3333333333333,61.9047619047619,17.0,4.0,A,-1.18732624659654
P009,T04,10.0,1.9,2.76,97.18,5.0,A,1.0647107369924282,1.324418957401803,4.586802528629907,-1.0647107369924282,-1.324418957401803,-4.586802528629907,0.550917166571078,0.3913560883444484,0.912859948194754,0.6183777343700935,0023-04-07 19:41:24,8.0,2335.0,-185.0,1350.0,920.0,250.0,15.0,19.0,93.3333333333333,94.7368421052632,24.0,5.0,A,-0.816869801448963
P009,T05,3.0,1.43,2.69,96.27,6.0,A,0.887891257352457,1.3056264580524357,4.577490616881349,-0.887891257352457,-1.3056264580524357,-4.577490616881349,1.0213857062447393,0.4957481902406853,0.9294725346155123,0.8155354770336456,0023-04-11 14:56:02,4.0,2460.0,-150.0,1100.0,760.0,750.0,16.0,19.0,75.0,78.9473684210526,54.0,6.0,A,-0.76039778237159
P009,T06,9.0,1.53,2.51,80.77,7.0,A,0.928219302739429,1.2556160374777743,4.4039104281738854,-0.928219302739429,-1.2556160374777743,-4.4039104281738854,0.9140837468693717,0.7735554591646817,1.239142123814622,0.9755937766162252,0023-04-14 17:22:04,3.0,2980.0,0.0,1250.0,980.0,750.0,15.0,20.0,93.3333333333333,95.0,52.0,7.0,A,-0.525474183009714
P009,T07,8.0,1.49,2.89,60.13,8.0,A,0.9122827104766164,1.358409157630355,4.113002744040634,-0.9122827104766164,-1.358409157630355,-4.113002744040634,0.9564866840600381,0.20254094567679978,1.7581256766682833,0.9723844354683737,0023-04-18 13:34:46,8.0,3285.0,-135.0,1500.0,920.0,1000.0,20.0,20.0,85.0,85.0,58.0,8.0,A,-0.387682456460922
P009,T08,9.0,1.4,2.36,124.93,9.0,A,0.8754687373538999,1.2119409739751128,4.835726197017755,-0.8754687373538999,-1.2119409739751128,-4.835726197017755,1.05443865298278,1.0161698977623848,0.46877649198010946,0.8464616809084249,0023-05-02 11:12:24,10.0,2720.0,-300.0,1400.0,870.0,750.0,17.0,20.0,88.2352941176471,80.0,45.0,9.0,A,-0.642935982690652
P009,T09,6.0,1.49,2.34,93.12,10.0,A,0.9122827104766164,1.205970806988609,4.544570563859161,-0.9122827104766164,-1.205970806988609,-4.544570563859161,0.9564866840600381,1.0493341016719424,0.9882023895125727,0.9980077250815178,0023-05-04 10:51:01,7.0,3170.0,-50.0,1350.0,870.0,1000.0,16.0,18.0,93.75,88.8888888888889,54.0,10.0,A,-0.439636714012106
P009,T10,6.0,1.15,2.23,123.97,11.0,A,0.7654678421395714,1.172482137234565,4.828073708497692,-0.7654678421395714,-1.172482137234565,-4.828073708497692,1.3471211144381277,1.2353632487449888,0.48242864315015177,1.0216376687777562,0023-05-10 15:11:17,6.0,3440.0,0.0,1350.0,840.0,1250.0,17.0,17.0,88.2352941176471,94.1176470588235,68.0,11.0,A,-0.317657152804979
P010,E1,3.0,2.44,3.78,80.6,1.0,A,1.235471471385307,1.5644405465033644,4.401829261970061,-1.235471471385307,-1.5644405465033644,-4.401829261970061,0.09656929999552924,-0.9419608760980934,1.2428549546865804,0.13248779286133872,,,,,,,,,,,,,,,
P011,E1,5.0,3.71,3.98,297.01,1.0,A,1.5496879080283263,1.6054298910365616,5.697127042989359,-1.5496879080283263,-1.6054298910365616,-5.697127042989359,-0.7394751697082776,-1.169656178975065,-1.0679751851214083,-0.9923688446015836,0023-04-03 19:24:30,0.0,1290.0,-450.0,200.0,790.0,750.0,13.0,20.0,53.8461538461538,75.0,37.0,1.0,A,-1.28897588093581
P011,E2,3.0,1.17,3.38,178.93,12.0,A,0.7747271675523681,1.4770487243883548,5.192567886364428,-0.7747271675523681,-1.4770487243883548,-5.192567886364428,1.322484568090454,-0.4565003830830955,-0.1678342881552458,0.23271663228403758,0023-05-22 18:29:00,2.0,6490.0,-100.0,300.0,1040.0,5250.0,7.0,20.0,100.0,95.0,287.0,12.0,A,1.06026011268294
P011,E3,4.0,1.1,3.55,202.33,13.0,A,0.7419373447293773,1.5151272329628591,5.31483027492225,-0.7419373447293773,-1.5151272329628591,-5.31483027492225,1.4097293676515725,-0.668026028143193,-0.3859521731577233,0.1185837221168854,0023-06-22 18:24:49,3.0,5860.0,-150.0,800.0,960.0,4250.0,14.0,19.0,85.7142857142857,94.7368421052632,244.0,13.0,A,0.775641136532979
P011,T01,6.0,2.33,3.74,142.4,2.0,A,1.2029723039923526,1.556037135706985,4.96563792816552,-1.2029723039923526,-1.556037135706985,-4.96563792816552,0.18304074451683058,-0.8952800328625661,0.23701206819282453,-0.15840907338430366,0023-04-19 19:21:17,10.0,2350.0,-450.0,200.0,850.0,1750.0,12.0,19.0,41.6666666666667,84.2105263157895,118.0,2.0,A,-0.810093159159679
P011,T02,8.0,2.69,3.32,147.11,3.0,A,1.3056264580524357,1.463255402256019,4.997955240938881,-1.3056264580524357,-1.463255402256019,-4.997955240938881,-0.09009403707181987,-0.3798786489136647,0.17935751069368405,-0.09687172509726684,0023-04-21 16:54:22,8.0,3340.0,-50.0,500.0,1140.0,1750.0,9.0,22.0,88.8888888888889,95.4545454545455,87.0,3.0,A,-0.362834768066878
P011,T03,2.0,2.11,2.95,184.17,4.0,A,1.1346227261911428,1.3737155789130306,5.221274322049725,-1.1346227261911428,-1.3737155789130306,-5.221274322049725,0.3649003796708371,0.11751396440612587,-0.21904698824637356,0.08778911861019649,0023-04-24 19:08:51,10.0,3710.0,-200.0,1200.0,960.0,1750.0,15.0,21.0,93.3333333333333,85.7142857142857,100.0,4.0,A,-0.195677591597851
P011,T04,10.0,1.41,3.38,183.1,5.0,A,0.8796267475025636,1.4770487243883548,5.215479088239032,-0.8796267475025636,-1.4770487243883548,-5.215479088239032,1.043375318973579,-0.4565003830830955,-0.20870820657530142,0.12605557643839405,0023-04-26 18:47:28,6.0,4420.0,-150.0,950.0,1120.0,2500.0,13.0,22.0,92.3076923076923,95.4545454545455,140.0,5.0,A,0.125083476761633
P011,T05,2.0,1.41,3.1,189.89,6.0,A,0.8796267475025636,1.410986973710262,5.2516973459128105,-0.8796267475025636,-1.410986973710262,-5.2516973459128105,1.043375318973579,-0.08952817358487228,-0.27332210669179646,0.22684167956563675,0023-05-04 19:08:53,6.0,4870.0,-150.0,1150.0,1120.0,2750.0,17.0,22.0,82.3529411764706,95.4545454545455,161.0,6.0,A,0.328382745440178
P011,T06,10.0,1.64,3.11,180.66,7.0,A,0.9707789171582247,1.413423028508143,5.2021368080740675,-0.9707789171582247,-1.413423028508143,-5.2021368080740675,0.8008441892965611,-0.10306042791451109,-0.18490538409636484,0.1709594590952284,0023-05-05 18:43:20,5.0,5490.0,-300.0,800.0,990.0,4000.0,13.0,19.0,84.6153846153846,100.0,217.0,7.0,A,0.608483960063953
P011,T07,7.0,1.81,3.67,140.19,8.0,A,1.0331844833456545,1.541159071680806,4.950106501021434,-1.0331844833456545,-1.541159071680806,-4.950106501021434,0.6347999522504574,-0.8126325708637488,0.26472036082229383,0.02896258073633412,0023-05-09 18:39:34,10.0,5790.0,-450.0,600.0,890.0,4750.0,11.0,20.0,81.8181818181818,85.0,257.0,8.0,A,0.74401680584965
P011,T08,5.0,1.62,3.15,151.94,9.0,A,0.9631743177730056,1.423108334242607,5.030045687616079,-0.9631743177730056,-1.423108334242607,-5.030045687616079,0.8210779597773477,-0.1568621817063718,0.12210768562008996,0.2621078212303553,0023-05-10 18:14:40,2.0,6270.0,-350.0,800.0,1070.0,4750.0,16.0,21.0,68.75,95.2380952380952,251.0,9.0,A,0.960869359106766
P011,T09,6.0,1.22,3.55,210.02,10.0,A,0.797507195884188,1.5151272329628591,5.351952915713946,-0.797507195884188,-1.5151272329628591,-5.351952915713946,1.2618731089637913,-0.668026028143193,-0.4521795059515862,0.047222524956337386,0023-05-15 18:48:24,6.0,7080.0,-300.0,1350.0,1030.0,5000.0,20.0,20.0,85.0,95.0,288.0,10.0,A,1.32680804272815
P011,T10,3.0,1.0,3.0,224.33,11.0,A,0.6931471805599453,1.3862943611198906,5.41756599436603,-0.6931471805599453,-1.3862943611198906,-5.41756599436603,1.5395467233748723,0.04763898452947094,-0.5692341955655172,0.3393171707796087,0023-05-16 17:54:51,3.0,6790.0,-300.0,400.0,940.0,5750.0,10.0,21.0,80.0,85.7142857142857,305.0,11.0,A,1.19579295846864
P012,E1,5.0,4.46,3.25,189.9,1.0,B,1.6974487897568136,1.4469189829363254,5.251749730731702,-1.6974487897568136,-1.4469189829363254,-5.251749730731702,-1.1326266844013408,-0.2891300412624682,-0.2734155619729966,-0.5650574292122685,0023-04-17 16:05:46,6.0,3640.0,-350.0,800.0,940.0,2250.0,13.0,22.0,76.9230769230769,86.3636363636364,129.0,1.0,B,-0.22730192228118
P012,E2,3.0,2.43,2.15,171.01,12.0,B,1.2325602611778486,1.1474024528375417,5.1475526146582995,-1.2325602611778486,-1.1474024528375417,-5.1475526146582995,0.10431523849605412,1.3746805859669622,-0.08752638665609488,0.4638231459356405,0023-06-02 11:10:47,5.0,10155.0,-135.0,700.0,1090.0,8500.0,12.0,20.0,100.0,100.0,411.0,12.0,B,2.71601971203155
P012,E3,5.0,1.9,2.49,240.14,13.0,B,1.0647107369924282,1.2499017362143359,5.485377677689165,-1.0647107369924282,-1.2499017362143359,-5.485377677689165,0.550917166571078,0.8052983321412206,-0.6902112279903725,0.22200142357397543,0023-07-04 16:05:32,5.0,9830.0,-400.0,600.0,880.0,8750.0,13.0,18.0,92.3076923076923,94.4444444444444,430.0,13.0,B,2.56919246243037
P012,T01,10.0,2.44,2.64,171.53,2.0,B,1.235471471385307,1.2919836816486494,5.150571134393773,-1.235471471385307,-1.2919836816486494,-5.150571134393773,0.09656929999552924,0.571533644746479,-0.09291146990455681,0.19173049161248382,0023-04-25 19:11:25,9.0,4560.0,-350.0,400.0,1010.0,3500.0,12.0,22.0,66.6666666666667,86.3636363636364,188.0,2.0,B,0.188332138128291
P012,T02,1.0,2.79,2.68,133.82,3.0,B,1.332366019094335,1.3029127521808397,4.903940555425293,-1.332366019094335,-1.3029127521808397,-4.903940555425293,-0.1612407357303156,0.5108227928572663,0.34708108132962673,0.23222104615219244,0023-05-03 11:43:14,8.0,6285.0,-335.0,250.0,1120.0,5250.0,16.0,21.0,43.75,100.0,262.0,3.0,B,0.967646001396051
P012,T03,1.0,1.87,2.73,108.79,4.0,B,1.0543120297715298,1.3164082336557241,4.698569450246641,-1.0543120297715298,-1.3164082336557241,-4.698569450246641,0.5785852979934267,0.43585555986319713,0.7134661293446476,0.5759689957337571,0023-05-05 15:28:41,7.0,7050.0,-100.0,750.0,1150.0,5250.0,17.0,22.0,64.7058823529412,100.0,277.0,4.0,B,1.31325475814958
P012,T04,8.0,1.65,2.91,142.5,5.0,B,0.9745596399981308,1.3635373739972745,4.966335035199676,-0.9745596399981308,-1.3635373739972745,-4.966335035199676,0.7907847141922165,0.1740537670653271,0.2357684190730576,0.4002023001102004,0023-05-10 11:36:57,3.0,8170.0,0.0,500.0,1170.0,6500.0,12.0,22.0,75.0,100.0,332.0,5.0,B,1.81924404908285
P012,T05,3.0,1.73,2.43,203.13,6.0,B,1.0043016091968684,1.2325602611778486,5.3187570457854925,-1.0043016091968684,-1.2325602611778486,-5.3187570457854925,0.7116494240961247,0.9016300118920025,-0.3929575896695619,0.40677394877285517,0023-05-11 16:00:00,4.0,8210.0,-450.0,500.0,910.0,7250.0,17.0,19.0,64.7058823529412,89.4736842105263,435.0,6.0,B,1.83731509518761
P012,T06,10.0,2.32,2.75,106.17,7.0,B,1.199964782928397,1.3217558399823195,4.674416358724906,-1.199964782928397,-1.3217558399823195,-4.674416358724906,0.1910429400095328,0.4061496727340485,0.7565555970144258,0.45124940325266905,0023-05-15 11:40:10,7.0,8710.0,-400.0,450.0,910.0,7750.0,15.0,21.0,66.6666666666667,80.9523809523809,382.0,7.0,B,2.0632031714971
P012,T07,4.0,1.67,2.39,154.51,8.0,B,0.9820784724121582,1.220829921392359,5.046710038233246,-0.9820784724121582,-1.220829921392359,-5.046710038233246,0.7707791462927913,0.9667919045917903,0.0923782409852247,0.6099830972899355,0023-05-17 10:28:39,3.0,9050.0,-100.0,450.0,950.0,7750.0,12.0,21.0,75.0,85.7142857142857,391.0,8.0,B,2.21680706338756
P012,T08,2.0,1.71,2.24,128.81,9.0,B,0.9969486348916096,1.1755733298042381,4.866071842904903,-0.9969486348916096,-1.1755733298042381,-4.866071842904903,0.7312136886822257,1.218191712180585,0.4146394169727086,0.7880149392785064,0023-05-22 16:38:45,9.0,9430.0,-150.0,1000.0,580.0,8000.0,19.0,18.0,89.4736842105263,72.2222222222222,452.0,9.0,B,2.38848200138278
P012,T09,9.0,1.66,2.25,234.11,10.0,B,0.9783261227936078,1.1786549963416462,5.460053489732883,-0.9783261227936078,-1.1786549963416462,-5.460053489732883,0.7807631279727452,1.2010730926078161,-0.645032507194998,0.44560123779518773,0023-05-25 12:16:41,5.0,9710.0,-400.0,650.0,960.0,8500.0,15.0,19.0,80.0,94.7368421052632,470.0,10.0,B,2.51497932411609
P012,T10,9.0,1.55,2.31,177.66,11.0,B,0.9360933591703348,1.1969481893889715,5.185484558273693,-0.9360933591703348,-1.1969481893889715,-5.185484558273693,0.8931330244834722,1.09945463105559,-0.15519752749520838,0.6124633760146179,0023-05-30 12:23:32,9.0,10050.0,-300.0,800.0,1050.0,8500.0,15.0,21.0,100.0,95.2380952380952,453.0,11.0,B,2.66858321600655
P013,E1,3.0,2.13,2.76,137.5,1.0,B,1.1410330045520618,1.324418957401803,4.930870325627393,-1.1410330045520618,-1.324418957401803,-4.930870325627393,0.3478443725753299,0.3913560883444484,0.2990379783821746,0.3460794797673176,0023-04-21 19:01:01,0.0,2255.0,-255.0,600.0,910.0,1000.0,9.0,19.0,77.7777777777778,89.4736842105263,65.0,1.0,B,-0.853011893658483
P013,E2,5.0,1.12,2.2,178.51,12.0,B,0.7514160886839212,1.1631508098056809,5.190230916682979,-0.7514160886839212,-1.1631508098056809,-5.190230916682979,1.3845090082470837,1.287198657419143,-0.16366510014701866,0.8360141885064026,0023-06-06 15:39:33,5.0,7475.0,-85.0,600.0,960.0,6000.0,11.0,20.0,90.9090909090909,95.0,321.0,12.0,B,1.50525962301265
P013,E3,1.0,1.39,1.85,197.39,13.0,B,0.8712933659434192,1.0473189942805592,5.29023479035468,-0.8712933659434192,-1.0473189942805592,-5.29023479035468,1.0655481805873388,1.9306429627415056,-0.34207346983963605,0.8847058911630694,0023-06-28 19:26:49,3.0,8070.0,-50.0,500.0,870.0,6750.0,14.0,20.0,64.2857142857143,85.0,362.0,13.0,B,1.77406643382095
P013,T01,10.0,3.1,2.63,140.91,2.0,B,1.410986973710262,1.2892326482767593,4.955193053846446,-1.410986973710262,-1.2892326482767593,-4.955193053846446,-0.37042971073023345,0.5868156011663933,0.2556458763693726,0.15734392226851082,0023-05-09 16:17:02,10.0,3725.0,-85.0,850.0,960.0,2000.0,14.0,20.0,71.4285714285714,95.0,108.0,2.0,B,-0.188900949308566
P013,T02,8.0,1.8,2.15,123.44,3.0,B,1.0296194171811581,1.1474024528375417,4.8238236720294365,-1.0296194171811581,-1.1474024528375417,-4.8238236720294365,0.644285623601067,1.3746805859669622,0.4900107702177981,0.8363256599286092,0023-05-11 17:51:32,10.0,4885.0,-135.0,500.0,1020.0,3500.0,11.0,21.0,63.6363636363636,90.4761904761905,178.0,3.0,B,0.335159387729463
P013,T03,10.0,1.62,2.22,119.3,4.0,B,0.9631743177730056,1.169381359556317,4.789988622980633,-0.9631743177730056,-1.169381359556317,-4.789988622980633,0.8210779597773477,1.2525880304692012,0.5503729913761859,0.8746796605409116,0023-05-16 16:01:51,4.0,5520.0,-100.0,1300.0,1070.0,3250.0,17.0,21.0,94.1176470588235,95.2380952380952,163.0,4.0,B,0.622037244642523
P013,T04,1.0,1.7,2.02,154.42,5.0,B,0.9932517730102834,1.1052568313867783,5.046131129781096,-0.9932517730102834,-1.1052568313867783,-5.046131129781096,0.7410500325863254,1.6087989928470157,0.09341102211016795,0.8144200158478364,0023-05-17 16:02:16,9.0,6290.0,-120.0,650.0,1010.0,4750.0,12.0,21.0,75.0,90.4761904761905,250.0,5.0,B,0.969904882159145
P013,T05,8.0,2.0,2.15,98.36,6.0,B,1.0986122886681098,1.1474024528375417,4.598749618185169,-1.0986122886681098,-1.1474024528375417,-4.598749618185169,0.46071435892791185,1.3746805859669622,0.8915461661194388,0.9089803703381043,0023-05-24 15:30:45,3.0,6690.0,-120.0,1050.0,1010.0,4750.0,17.0,21.0,82.3529411764706,90.4761904761905,239.0,6.0,B,1.15061534320674
P013,T06,1.0,2.0,1.94,107.56,7.0,B,1.0986122886681098,1.0784095813505903,4.687303015526614,-1.0986122886681098,-1.0784095813505903,-4.687303015526614,0.46071435892791185,1.7579351353743184,0.7335656132631103,0.9840717025217801,0023-05-25 18:21:21,10.0,8300.0,-100.0,650.0,1000.0,6750.0,13.0,20.0,84.6153846153846,95.0,355.0,7.0,B,1.87797494892332
P013,T07,1.0,1.67,1.94,114.76,8.0,B,0.9820784724121582,1.0784095813505903,4.751519082323228,-0.9820784724121582,-1.0784095813505903,-4.751519082323228,0.7707791462927913,1.7579351353743184,0.6190032131818204,1.0492391649496435,0023-05-30 16:09:17,10.0,8605.0,-155.0,750.0,1010.0,7000.0,15.0,19.0,80.0,100.0,356.0,8.0,B,2.01576667547211
P013,T08,3.0,1.94,2.01,120.66,9.0,B,1.0784095813505903,1.1019400787607843,4.801230268892559,-1.0784095813505903,-1.1019400787607843,-4.801230268892559,0.5144682678777671,1.627223512739791,0.530317731053046,0.8906698372235345,0023-06-01 15:25:19,3.0,8625.0,-85.0,550.0,910.0,7250.0,13.0,21.0,76.9230769230769,85.7142857142857,376.0,9.0,B,2.02480219852449
P013,T09,3.0,1.16,1.78,176.08,10.0,B,0.7701082216960737,1.0224509277025458,5.17660160786394,-0.7701082216960737,-1.0224509277025458,-5.17660160786394,1.3347743266411929,2.068784765591257,-0.1393502143614495,1.0880696259570002,0023-06-02 17:41:24,9.0,9125.0,-35.0,1000.0,910.0,7250.0,16.0,20.0,93.75,90.0,405.0,10.0,B,2.25069027483398
P013,T10,3.0,1.44,1.88,141.37,11.0,B,0.8919980393051105,1.0577902941478545,4.958429302625654,-0.8919980393051105,-1.0577902941478545,-4.958429302625654,1.0104586765308352,1.8724750212447006,0.24987236133020835,1.0442686863685813,0023-06-05 17:29:58,9.0,8780.0,0.0,750.0,1030.0,7000.0,15.0,20.0,86.6666666666667,95.0,383.0,11.0,B,2.09482750218043
P014,E1,4.0,7.38,4.03,143.58,1.0,B,2.1258479144939915,1.6154199841116479,4.973832987572151,-2.1258479144939915,-1.6154199841116479,-4.973832987572151,-2.2724802289483264,-1.2251510226815465,0.22239196264500335,-1.091746429661623,0023-05-05 10:01:10,4.0,1910.0,-100.0,650.0,860.0,500.0,12.0,20.0,66.6666666666667,85.0,34.0,1.0,B,-1.00887466631203
P014,E2,4.0,1.59,2.89,175.06,12.0,B,0.9516578757114463,1.358409157630355,5.17082484603276,-0.9516578757114463,-1.358409157630355,-5.17082484603276,0.8517200795820781,0.20254094567679978,-0.1290443869713344,0.30840554609584775,0023-06-27 18:37:46,3.0,7210.0,-350.0,1200.0,860.0,5500.0,18.0,21.0,88.8888888888889,76.1904761904762,269.0,12.0,B,1.38553894256862
P014,E3,2.0,1.83,2.64,142.0,13.0,B,1.0402767116551463,1.2919836816486494,4.962844630259907,-1.0402767116551463,-1.2919836816486494,-4.962844630259907,0.6159294618350758,0.571533644746479,0.24199535241081557,0.47648615299745684,0023-07-27 13:03:54,4.0,6750.0,-150.0,600.0,1050.0,5250.0,13.0,20.0,76.9230769230769,100.0,254.0,13.0,B,1.17772191236388
P014,T01,4.0,2.31,3.74,167.34,2.0,B,1.1969481893889715,1.556037135706985,5.12598574378343,-1.1969481893889715,-1.556037135706985,-5.12598574378343,0.1990692748917089,-0.8952800328625661,-0.04905077435343469,-0.248420510774764,0023-05-22 13:42:01,5.0,2575.0,-85.0,500.0,1160.0,1000.0,13.0,22.0,53.8461538461538,95.4545454545455,55.0,2.0,B,-0.708443524820406
P014,T02,5.0,1.51,3.31,132.88,3.0,B,0.9202827531436925,1.4609379041156565,4.8969438763431254,-0.9202827531436925,-1.4609379041156565,-4.8969438763431254,0.93520074656848,-0.3670049753529843,0.35956325889416596,0.30925301003655387,0023-05-25 14:18:55,10.0,2895.0,-35.0,600.0,1080.0,1250.0,13.0,20.0,61.5384615384615,100.0,79.0,3.0,B,-0.563875155982329
P014,T03,3.0,1.73,3.63,129.88,4.0,B,1.0043016091968684,1.5325568680981427,4.8742808728544365,-1.0043016091968684,-1.5325568680981427,-4.8742808728544365,0.7116494240961247,-0.7648474361544703,0.3999943877725191,0.11559879190472454,0023-05-30 13:30:32,4.0,3120.0,0.0,600.0,1020.0,1500.0,13.0,20.0,76.9230769230769,95.0,80.0,4.0,B,-0.462225521643056
P014,T04,3.0,1.42,2.77,154.58,5.0,B,0.883767540168595,1.3270750014599193,5.047160068778628,-0.883767540168595,-1.3270750014599193,-5.047160068778628,1.0323577960024344,0.37660179638992447,0.0915753799262914,0.5001783241062168,0023-06-02 13:40:10,5.0,3730.0,-150.0,600.0,780.0,2500.0,12.0,18.0,75.0,88.8888888888889,120.0,5.0,B,-0.186642068545471
P014,T05,1.0,1.29,2.78,177.81,6.0,B,0.8285518175661483,1.3297240096314962,5.186323789587112,-0.8285518175661483,-1.3297240096314962,-5.186323789587112,1.1792718149368437,0.36188658869827023,-0.15669472840278148,0.4614878917441108,0023-06-05 12:43:54,4.0,4490.0,-50.0,750.0,1040.0,2750.0,14.0,21.0,71.4285714285714,95.2380952380952,136.0,6.0,B,0.156707807444962
P014,T06,3.0,1.57,3.11,107.96,7.0,B,0.9439058989071285,1.413423028508143,4.690980842401202,-0.9439058989071285,-1.413423028508143,-4.690980842401202,0.8723459812878032,-0.10306042791451109,0.7270043164591383,0.4987632899441435,0023-06-07 12:40:56,6.0,5430.0,-50.0,650.0,1080.0,3750.0,10.0,21.0,90.0,95.2380952380952,169.0,7.0,B,0.581377390906813
P014,T07,2.0,1.4,2.94,157.85,8.0,B,0.8754687373538999,1.3711807233098425,5.067960360715525,-0.8754687373538999,-1.3711807233098425,-5.067960360715525,1.05443865298278,0.13159505598957025,0.054467355633404,0.4135003548685848,0023-06-12 12:13:59,2.0,6050.0,-50.0,800.0,1050.0,4250.0,14.0,20.0,78.5714285714286,95.0,206.0,8.0,B,0.861478605530588
P014,T08,8.0,1.12,3.0,185.15,9.0,B,0.7514160886839212,1.3862943611198906,5.226552800318726,-0.7514160886839212,-1.3862943611198906,-5.226552800318726,1.3845090082470837,0.04763898452947094,-0.2284638704915746,0.40122804076165997,0023-06-14 18:52:59,8.0,6560.0,-100.0,900.0,1010.0,4750.0,14.0,21.0,92.8571428571429,90.4761904761905,252.0,9.0,B,1.09188444336627
P014,T09,4.0,1.68,2.72,111.54,10.0,B,0.9858167945227652,1.3137236682850553,4.723308714005133,-0.9858167945227652,-1.3137236682850553,-4.723308714005133,0.7608324879959334,0.4507682873568611,0.6693309218522089,0.6269772324016678,0023-06-20 17:41:41,6.0,7170.0,-100.0,1050.0,970.0,5250.0,16.0,21.0,87.5,85.7142857142857,248.0,10.0,B,1.36746789646386
P014,T10,4.0,1.41,2.72,123.68,11.0,B,0.8796267475025636,1.3137236682850553,4.825750454899136,-0.8796267475025636,-1.3137236682850553,-4.825750454899136,1.043375318973579,0.4507682873568611,0.4865733614663801,0.6602389892656068,0023-06-21 17:53:43,7.0,7100.0,-50.0,550.0,1100.0,5500.0,10.0,21.0,90.0,95.2380952380952,278.0,11.0,B,1.33584356578053
P015,E1,3.0,5.88,3.15,116.36,1.0,A,1.9286186519452522,1.423108334242607,4.765246133834726,-1.9286186519452522,-1.423108334242607,-4.765246133834726,-1.7477068085019365,-0.1568621817063718,0.5945139530068331,-0.43668501240049173,0023-05-05 17:29:22,0.0,2350.0,-150.0,400.0,850.0,1250.0,9.0,21.0,77.7777777777778,80.9523809523809,84.0,1.0,A,-0.810093159159679
P015,E2,5.0,1.63,2.04,27.94,12.0,A,0.9669838461896731,1.1118575154181303,3.365224721203338,-0.9669838461896731,-1.1118575154181303,-3.365224721203338,0.8109418408684796,1.572132274536928,3.092172579534634,1.8250822316466806,0023-06-20 17:38:03,1.0,10970.0,-200.0,1500.0,920.0,8750.0,21.0,21.0,100.0,80.9523809523809,425.0,12.0,A,3.08421727641602
P015,E3,4.0,1.84,2.28,44.71,13.0,A,1.0438040521731147,1.1878434223960523,3.822317092343653,-1.0438040521731147,-1.1878434223960523,-3.822317092343653,0.6065441681683414,1.1500314993047998,2.276713120416173,1.3444295959631047,0023-07-20 14:44:32,5.0,9440.0,-100.0,650.0,890.0,8000.0,12.0,20.0,100.0,90.0,439.0,13.0,A,2.39299976290897
P015,T01,8.0,2.02,2.84,74.67,2.0,A,1.1052568313867783,1.3454723665996355,4.326381780706431,-1.1052568313867783,-1.3454723665996355,-4.326381780706431,0.4430350380973319,0.27440466015044973,1.3774543620440132,0.6982980200972649,0023-05-15 13:30:37,9.0,5200.0,-450.0,600.0,1050.0,4000.0,18.0,22.0,55.5555555555556,90.9090909090909,259.0,2.0,A,0.477468875804445
P015,T02,5.0,2.57,2.56,121.97,3.0,A,1.2725655957915476,1.269760544863939,4.811940423184356,-1.2725655957915476,-1.269760544863939,-4.811940423184356,-0.0021280752903330836,0.6949828952455401,0.5112106595347101,0.40135515982997233,0023-05-16 11:38:03,5.0,6050.0,-100.0,900.0,1000.0,4250.0,15.0,21.0,93.3333333333333,90.4761904761905,268.0,3.0,A,0.861478605530588
P015,T03,7.0,1.96,2.46,82.71,4.0,A,1.085189268335969,1.2412685890696329,4.427358444671965,-1.085189268335969,-1.2412685890696329,-4.427358444671965,0.4964293649132851,0.8532553579556384,1.197310520274131,0.8489984143810182,0023-05-23 17:11:33,9.0,7060.0,-300.0,600.0,1010.0,5750.0,12.0,19.0,83.3333333333333,100.0,352.0,4.0,A,1.31777251967577
P015,T04,1.0,1.86,2.49,77.72,5.0,A,1.0508216248317612,1.2499017362143359,4.365897252743998,-1.0508216248317612,-1.2499017362143359,-4.365897252743998,0.5878723161332056,0.8052983321412206,1.3069581833959705,0.9000429438901323,0023-05-26 18:05:57,7.0,7810.0,-100.0,550.0,1110.0,6250.0,12.0,21.0,75.0,100.0,322.0,5.0,A,1.65660463414001
P015,T05,7.0,1.73,2.24,61.78,6.0,A,1.0043016091968684,1.1755733298042381,4.139636551413807,-1.0043016091968684,-1.1755733298042381,-4.139636551413807,0.7116494240961247,1.218191712180585,1.7106105757257521,1.2134839040008207,0023-06-01 18:21:03,8.0,9400.0,-150.0,750.0,1050.0,7750.0,12.0,21.0,100.0,95.2380952380952,368.0,6.0,A,2.37492871680421
P015,T06,2.0,2.23,2.27,45.74,7.0,A,1.172482137234565,1.184789984909162,3.844600329110712,-1.172482137234565,-1.184789984909162,-3.844600329110712,0.264166784804645,1.166993306850424,2.2369595009100265,1.2227065308550318,0023-06-02 15:45:35,6.0,9660.0,-150.0,1000.0,1060.0,7750.0,16.0,22.0,93.75,90.9090909090909,364.0,7.0,A,2.49239051648514
P015,T07,2.0,1.91,2.22,46.45,8.0,A,1.0681530811834012,1.169381359556317,3.859676525055937,-1.0681530811834012,-1.169381359556317,-3.859676525055937,0.5417580250111168,1.2525880304692012,2.210063347381174,1.3348031342871642,0023-06-06 16:10:16,4.0,10510.0,-200.0,1200.0,1010.0,8500.0,18.0,20.0,100.0,95.0,445.0,8.0,A,2.87640024621129
P015,T08,6.0,1.58,2.1,41.72,9.0,A,0.9477893989335261,1.1314021114911006,3.7546671946519394,-0.9477893989335261,-1.1314021114911006,-3.7546671946519394,0.8620130440460352,1.4635622846255543,2.397401524914111,1.5743256178619003,0023-06-08 10:59:37,5.0,11260.0,-100.0,1150.0,960.0,9250.0,17.0,21.0,100.0,85.7142857142857,461.0,9.0,A,3.21523236067553
P015,T09,8.0,1.62,2.27,43.13,10.0,A,0.9631743177730056,1.184789984909162,3.7871398232814557,-0.9631743177730056,-1.184789984909162,-3.7871398232814557,0.8210779597773477,1.166993306850424,2.3394698816615236,1.4425137160964319,0023-06-13 16:48:27,9.0,10160.0,0.0,650.0,1260.0,8250.0,11.0,23.0,100.0,100.0,401.0,10.0,A,2.71827859279464
P015,T10,9.0,1.26,2.19,65.01,11.0,A,0.8153648132841944,1.1600209167967532,4.189806245700679,-0.8153648132841944,-1.1600209167967532,-4.189806245700679,1.2143588464100359,1.3045851744458572,1.6211071091392306,1.3800170433317078,0023-06-15 16:46:31,9.0,9990.0,-100.0,1050.0,1040.0,8000.0,16.0,21.0,93.75,90.4761904761905,387.0,11.0,A,2.64147664684941
P016,E1,4.0,5.1,6.15,228.45,1.0,A,1.8082887711792655,1.9671123567059163,5.435685140840842,-1.8082887711792655,-1.9671123567059163,-5.435685140840842,-1.4275417260214982,-3.1787978108734634,-0.6015590172359776,-1.7359661847103132,0023-05-12 20:22:35,0.0,850.0,-790.0,850.0,540.0,250.0,13.0,16.0,76.9230769230769,68.75,25.0,1.0,A,-1.48775738808816
P016,E2,3.0,1.9,3.56,233.42,12.0,A,1.0647107369924282,1.5173226235262949,5.457114378295034,-1.0647107369924282,-1.5173226235262949,-5.457114378295034,0.550917166571078,-0.6802213956214385,-0.63978908950807,-0.2563644395194768,0023-07-20 18:11:54,4.0,2920.0,-420.0,400.0,690.0,2250.0,13.0,19.0,61.5384615384615,78.9473684210526,130.0,12.0,A,-0.552580752166854
P016,E3,1.0,3.93,4.85,280.48,13.0,A,1.5953389880545987,1.766441661243765,5.640061397098348,-1.5953389880545987,-1.766441661243765,-5.640061397098348,-0.8609402763708283,-2.0640745748192413,-0.9661692402607703,-1.2970613638169466,0023-08-25 18:02:27,4.0,2885.0,-985.0,700.0,670.0,2500.0,14.0,18.0,71.4285714285714,72.2222222222222,155.0,13.0,A,-0.568392917508519
P016,T01,4.0,5.39,3.8,224.2,2.0,A,1.8547342683894434,1.5686159179138452,5.4169888962655355,-1.8547342683894434,-1.5686159179138452,-5.4169888962655355,-1.551120560725579,-0.9651550127392223,-0.56820464413434,-1.028160072533047,0023-05-26 19:57:05,9.0,895.0,-765.0,600.0,560.0,500.0,15.0,17.0,60.0,70.5882352941177,35.0,2.0,A,-1.46742746122031
P016,T02,5.0,3.74,4.24,152.28,3.0,A,1.556037135706985,1.6563214983329508,5.03226631422255,-1.556037135706985,-1.6563214983329508,-5.03226631422255,-0.7563687375443348,-1.4523584292601923,0.11814605535507497,-0.6968603704831507,0023-06-14 18:23:36,7.0,1925.0,-875.0,1700.0,350.0,750.0,19.0,17.0,94.7368421052632,58.8235294117647,43.0,3.0,A,-1.00209802402275
P016,T03,9.0,3.37,4.94,121.81,4.0,A,1.4747630091074988,1.7817091333745536,4.810638445622293,-1.4747630091074988,-1.7817091333745536,-4.810638445622293,-0.5401203935701967,-2.1488851940320015,0.5135334065013586,-0.7251573937002799,0023-06-16 18:09:38,4.0,1790.0,-300.0,600.0,740.0,750.0,10.0,19.0,70.0,78.9473684210526,52.0,4.0,A,-1.06308780462631
P016,T04,3.0,6.27,3.87,231.79,5.0,A,1.9837562915454279,1.5830939370944985,5.450136759608216,-1.9837562915454279,-1.5830939370944985,-5.450136759608216,-1.89441306980621,-1.0455802305596136,-0.6273409159669259,-1.18911140544425,0023-06-21 19:30:30,2.0,1120.0,-190.0,250.0,310.0,750.0,14.0,16.0,35.7142857142857,62.5,41.0,5.0,A,-1.36577782688104
P016,T05,3.0,2.19,4.5,209.11,6.0,A,1.1600209167967532,1.7047480922384253,5.347631203100958,-1.1600209167967532,-1.7047480922384253,-5.347631203100958,0.2973227028848588,-1.7213675605888659,-0.4444695075959782,-0.6228381217666618,0023-06-23 18:11:41,7.0,2030.0,-350.0,450.0,680.0,1250.0,13.0,18.0,61.5384615384615,77.7777777777778,78.0,6.0,A,-0.954661527997756
P016,T06,5.0,5.46,4.93,172.23,7.0,A,1.8656293177945105,1.780024213009634,5.154620191290849,-1.8656293177945105,-1.780024213009634,-5.154620191290849,-1.5801093236928212,-2.139525482204865,-0.1001350464849158,-1.2732566174608673,0023-06-27 18:30:59,7.0,2460.0,-420.0,500.0,880.0,1500.0,13.0,20.0,61.5384615384615,80.0,77.0,7.0,A,-0.76039778237159
P016,T07,1.0,1.82,4.5,498.7,8.0,A,1.0367368849500223,1.7047480922384253,6.214007918350159,-1.0367368849500223,-1.7047480922384253,-6.214007918350159,0.6253479778495359,-1.7213675605888659,-1.9900982080869503,-1.0287059302754267,0023-06-29 17:54:58,2.0,2585.0,-135.0,400.0,820.0,1500.0,12.0,18.0,58.3333333333333,88.8888888888889,86.0,8.0,A,-0.703925763294216
P016,T08,10.0,1.68,4.54,489.6,9.0,A,0.9858167945227652,1.7119945007591924,6.195629131824389,-0.9858167945227652,-1.7119945007591924,-6.195629131824389,0.7608324879959334,-1.7616212704663199,-1.9573101847774177,-0.9860329890826014,0023-07-04 17:35:05,8.0,2660.0,-750.0,850.0,560.0,2000.0,19.0,20.0,52.6315789473684,55.0,121.0,9.0,A,-0.670042551847791
P016,T09,1.0,1.98,3.94,201.81,10.0,A,1.091923300517313,1.597365331199831,5.312269580166041,-1.091923300517313,-1.597365331199831,-5.312269580166041,0.478511936964039,-1.1248576486373416,-0.381383856351962,-0.34257652267508826,0023-07-10 18:50:02,2.0,2660.0,-100.0,500.0,510.0,1750.0,9.0,19.0,77.7777777777778,68.4210526315789,104.0,10.0,A,-0.670042551847791
P016,T10,5.0,2.6,3.53,263.25,11.0,A,1.2809338454620642,1.5107219394949425,5.576895624750347,-1.2809338454620642,-1.5107219394949425,-5.576895624750347,-0.024393711464180155,-0.6435546773113484,-0.8534805807996633,-0.5071429898583973,0023-07-19 18:39:39,9.0,3560.0,-700.0,300.0,710.0,3250.0,12.0,20.0,83.3333333333333,75.0,204.0,11.0,A,-0.2634440144907
P017,E1,3.0,9.16,3.69,119.84,1.0,B,2.318458442150336,1.5454325824581878,4.794467356518472,-2.318458442150336,-1.5454325824581878,-4.794467356518472,-2.7849644521615313,-0.8363718704765031,0.542382865399701,-1.0263178190794444,0023-06-29 19:07:14,0.0,1860.0,-880.0,400.0,840.0,1500.0,14.0,22.0,42.8571428571429,72.7272727272727,91.0,1.0,B,-1.03146347394298
P017,E2,2.0,1.18,2.13,162.53,12.0,B,0.7793248768009975,1.1410330045520618,5.096996459744299,-0.7793248768009975,-1.1410330045520618,-5.096996459744299,1.3102513143762646,1.4100627925632878,0.0026665313277063093,0.9076602127557529,0023-08-03 17:49:24,5.0,7220.0,-150.0,200.0,920.0,6250.0,10.0,21.0,90.0,80.9523809523809,301.0,12.0,B,1.39005670409481
P017,E3,1.0,1.48,2.18,146.5,13.0,B,0.9082585601768908,1.1568811967920856,4.993828175779875,-0.9082585601768908,-1.1568811967920856,-4.993828175779875,0.9671938534216611,1.3220262803125953,0.1867202551514713,0.8253134629619092,0023-09-05 18:33:18,5.0,8575.0,-235.0,400.0,910.0,7500.0,14.0,20.0,71.4285714285714,85.0,363.0,13.0,B,2.00221339089354
P017,T01,9.0,1.71,2.97,125.87,2.0,B,0.9969486348916096,1.3787660946990992,4.843162940152507,-0.9969486348916096,-1.3787660946990992,-4.843162940152507,0.7312136886822257,0.08945841156208291,0.45550923372519897,0.42539377798983585,0023-07-05 19:40:13,10.0,4150.0,-170.0,500.0,1070.0,2750.0,16.0,21.0,56.25,95.2380952380952,159.0,2.0,B,0.0031039155545049
P017,T02,10.0,1.88,2.59,96.9,3.0,B,1.0577902941478545,1.2781522025001875,4.583946549536464,-1.0577902941478545,-1.2781522025001875,-4.583946549536464,0.5693305825906874,0.6483673406694498,0.917955056566355,0.7118843266088307,0023-07-06 18:13:11,7.0,4800.0,0.0,250.0,1050.0,3500.0,11.0,20.0,63.6363636363636,100.0,199.0,3.0,B,0.296758414756849
P017,T03,10.0,1.58,2.52,105.99,4.0,B,0.9477893989335261,1.2584609896100056,4.672735372150515,-0.9477893989335261,-1.2584609896100056,-4.672735372150515,0.8620130440460352,0.7577517851904794,0.7595545015888299,0.7931064436084482,0023-07-10 18:04:21,5.0,5295.0,-235.0,600.0,930.0,4000.0,13.0,21.0,100.0,85.7142857142857,234.0,4.0,B,0.52038761030325
P017,T04,8.0,1.69,2.3,100.98,5.0,B,0.9895411936137477,1.1939224684724346,4.62477671562701,-0.9895411936137477,-1.1939224684724346,-4.62477671562701,0.7509228750671757,1.1162624733950568,0.8451134445463365,0.9040995976695231,0023-07-18 18:12:47,8.0,6620.0,-150.0,250.0,1020.0,5500.0,15.0,22.0,46.6666666666667,86.3636363636364,293.0,5.0,B,1.11899101252341
P017,T05,5.0,1.61,2.27,167.44,6.0,B,0.9593502213346021,1.184789984909162,5.126579603293727,-0.9593502213346021,-1.184789984909162,-5.126579603293727,0.831252840229491,1.166993306850424,-0.05011022838424915,0.6493786395652219,0023-07-19 12:32:25,5.0,7240.0,-100.0,200.0,890.0,6250.0,15.0,20.0,60.0,85.0,328.0,6.0,B,1.39909222714719
P017,T06,5.0,1.03,2.05,159.5,7.0,B,0.7080357930536961,1.1151415906193203,5.07829394257007,-0.7080357930536961,-1.1151415906193203,-5.07829394257007,1.4999321752947379,1.5538892773355433,0.036032094837338394,1.0299511824892065,0023-07-25 19:02:34,10.0,7940.0,-150.0,400.0,940.0,6750.0,12.0,20.0,83.3333333333333,90.0,334.0,7.0,B,1.71533553398048
P017,T07,2.0,1.45,2.26,137.08,8.0,B,0.8960880245566357,1.1817271953786161,4.9278332273351175,-0.8960880245566357,-1.1817271953786161,-4.9278332273351175,0.9995763382698594,1.1840070648831065,0.3044562060470341,0.8293465364,0023-07-26 16:50:09,5.0,8100.0,-50.0,350.0,800.0,7000.0,14.0,19.0,71.4285714285714,84.2105263157895,341.0,8.0,B,1.78761971839952
P017,T08,1.0,1.69,2.18,194.66,9.0,B,0.9895411936137477,1.1568811967920856,5.276378459029282,-0.9895411936137477,-1.1568811967920856,-5.276378459029282,0.7509228750671757,1.3220262803125953,-0.3173535725904506,0.5851985275964401,0023-07-27 10:40:04,4.0,7540.0,-100.0,400.0,990.0,6250.0,13.0,22.0,76.9230769230769,86.3636363636364,322.0,9.0,B,1.53462507293288
P017,T09,2.0,1.57,2.42,85.24,10.0,B,0.9439058989071285,1.2296405510745139,4.457134107160687,-0.9439058989071285,-1.2296405510745139,-4.457134107160687,0.8723459812878032,0.9178489654728124,1.1441903039656118,0.9781284169087424,0023-07-31 18:01:00,7.0,7510.0,-50.0,450.0,860.0,6250.0,13.0,19.0,76.9230769230769,89.4736842105263,299.0,10.0,B,1.52107178835431
P017,T10,3.0,1.43,2.26,188.0,11.0,B,0.887891257352457,1.1817271953786161,5.241747015059643,-0.887891257352457,-1.1817271953786161,-5.241747015059643,1.0213857062447393,1.1840070648831065,-0.2555705712738422,0.649940733284668,0023-08-01 17:34:29,3.0,7550.0,-300.0,200.0,900.0,6750.0,12.0,20.0,66.6666666666667,80.0,323.0,11.0,B,1.53914283445907
P018,E1,3.0,3.63,4.34,264.91,1.0,B,1.5325568680981427,1.6752256529721035,5.5831579056651615,-1.5325568680981427,-1.6752256529721035,-5.5831579056651615,-0.6938941321695677,-1.5573707749128252,-0.8646525813187332,-1.0386391628003755,0023-08-28 19:24:29,0.0,1740.0,-50.0,0.0,1040.0,750.0,14.0,21.0,28.5714285714286,90.4761904761905,42.0,1.0,B,-1.08567661225726
P018,E2,4.0,1.66,3.42,137.13,12.0,B,0.9783261227936078,1.4861396960896067,4.928195270711869,-0.9783261227936078,-1.4861396960896067,-4.928195270711869,0.7807631279727452,-0.5070006186573939,0.3038103153806764,0.19252427489867588,0023-10-20 11:27:43,2.0,5430.0,-150.0,550.0,1030.0,4000.0,12.0,22.0,100.0,90.9090909090909,226.0,12.0,B,0.581377390906813
P018,E3,5.0,1.28,3.37,78.13,13.0,B,0.8241754429663495,1.4747630091074988,4.371092069621102,-0.8241754429663495,-1.4747630091074988,-4.371092069621102,1.1909161573544582,-0.44380326291462063,1.297690554294538,0.6816011495781252,0023-11-22 18:29:37,3.0,5450.0,-50.0,500.0,1000.0,4000.0,12.0,22.0,100.0,90.9090909090909,208.0,13.0,B,0.590412913959193
P018,T01,10.0,2.21,4.42,134.64,2.0,B,1.1662709371419244,1.6900958154515549,4.910004317257438,-1.1662709371419244,-1.6900958154515549,-4.910004317257438,0.28069309877839665,-1.6399743439171124,0.336263241750444,-0.341006001129424,0023-09-11 12:52:43,7.0,2580.0,-100.0,650.0,1030.0,1000.0,12.0,22.0,66.6666666666667,86.3636363636364,56.0,2.0,B,-0.706184644057311
P018,T02,7.0,2.39,4.11,125.68,3.0,B,1.220829921392359,1.631199404215613,4.841664221670439,-1.220829921392359,-1.631199404215613,-4.841664221670439,0.13552648196307518,-1.3128055065654114,0.45818296936359815,-0.23969868507957934,0023-09-12 12:54:26,7.0,3510.0,-100.0,1000.0,1110.0,1500.0,14.0,23.0,85.7142857142857,86.9565217391304,80.0,3.0,B,-0.286032822121649
P018,T03,10.0,1.38,2.95,121.22,4.0,B,0.8671004876833833,1.3737155789130306,4.80582269946677,-0.8671004876833833,-1.3737155789130306,-4.80582269946677,1.0767042891566267,0.11751396440612587,0.5221247679048265,0.572114340489193,0023-09-19 13:01:00,10.0,3610.0,0.0,900.0,1210.0,1500.0,13.0,24.0,100.0,95.8333333333333,77.0,4.0,B,-0.24085520685975
P018,T04,6.0,1.71,2.98,138.73,5.0,B,0.9969486348916096,1.3812818192963463,4.939711989092356,-0.9969486348916096,-1.3812818192963463,-4.939711989092356,0.7312136886822257,0.07548359248047236,0.28326432176029864,0.36332053430766553,0023-09-21 12:54:38,8.0,3950.0,-100.0,600.0,1200.0,2250.0,13.0,24.0,100.0,91.6666666666667,120.0,5.0,B,-0.0872513149692932
P018,T05,7.0,1.86,3.3,119.31,6.0,B,1.0508216248317612,1.4586150226995167,4.7900717450454335,-1.0508216248317612,-1.4586150226995167,-4.7900717450454335,0.5878723161332056,-0.3541013977618161,0.5502247003998267,0.2613318729237388,0023-09-25 19:36:13,8.0,6140.0,0.0,550.0,1090.0,4500.0,17.0,20.0,82.3529411764706,100.0,259.0,6.0,B,0.902138459266297
P018,T06,1.0,1.41,2.88,151.96,7.0,B,0.8796267475025636,1.355835153635182,5.030176449303092,-0.8796267475025636,-1.355835153635182,-5.030176449303092,1.043375318973579,0.2168395060944411,0.12187440486263902,0.4606964099768864,0023-09-26 18:40:08,5.0,5535.0,-135.0,750.0,920.0,4000.0,17.0,21.0,76.4705882352941,85.7142857142857,209.0,7.0,B,0.628813886931807
P018,T07,5.0,1.48,2.97,135.12,8.0,B,0.9082585601768908,1.3787660946990992,4.913536849632705,-0.9082585601768908,-1.3787660946990992,-4.913536849632705,0.9671938534216611,0.08945841156208291,0.3299611524531154,0.46220447247895313,0023-10-02 12:54:17,8.0,4750.0,-50.0,550.0,1000.0,3250.0,13.0,22.0,92.3076923076923,86.3636363636364,168.0,8.0,B,0.274169607125899
P018,T08,9.0,1.33,2.79,94.52,9.0,B,0.8458682675776092,1.332366019094335,4.559335649644292,-0.8458682675776092,-1.332366019094335,-4.559335649644292,1.1331974516041832,0.3472102587472586,0.9618612610484437,0.8140896571332951,0023-10-03 12:33:33,6.0,6070.0,-50.0,500.0,1120.0,4500.0,13.0,21.0,92.3076923076923,100.0,237.0,9.0,B,0.870514128582968
P018,T09,6.0,1.52,2.94,152.47,10.0,B,0.9242589015233319,1.3711807233098425,5.033505108187003,-0.9242589015233319,-1.3711807233098425,-5.033505108187003,0.9246212972594803,0.13159505598957025,0.11593602884841495,0.3907174606991552,0023-10-09 12:31:04,5.0,5930.0,-100.0,250.0,1030.0,4750.0,11.0,21.0,100.0,95.2380952380952,243.0,10.0,B,0.807265467216309
P018,T10,3.0,1.4,2.99,148.8,11.0,B,0.8754687373538999,1.3837912309017721,5.00930107108312,-0.8754687373538999,-1.3837912309017721,-5.00930107108312,1.05443865298278,0.06154384199049654,0.15911638418004495,0.42503295971777383,0023-10-18 16:01:41,9.0,5190.0,-50.0,150.0,1090.0,4000.0,11.0,22.0,81.8181818181818,90.9090909090909,217.0,11.0,B,0.472951114278255
P019,E1,,,,,,,,,,,,,,,,,0023-08-29 19:03:49,2.0,2890.0,-190.0,150.0,680.0,2250.0,13.0,17.0,38.4615384615385,82.3529411764706,125.0,1.0,B,-0.566134036745424
P019,E2,2.0,1.48,2.47,116.18,12.0,B,0.9082585601768908,1.244154593958768,4.7637112141166424,-0.9082585601768908,-1.244154593958768,-4.7637112141166424,0.9671938534216611,0.8372236364236239,0.5972522721784613,0.8005565873412488,0023-10-17 18:46:26,5.0,7530.0,-120.0,700.0,950.0,6000.0,14.0,20.0,85.7142857142857,90.0,331.0,12.0,B,1.53010731140669
P019,E3,4.0,1.47,2.35,107.38,13.0,B,0.9042181506398858,1.208960345836975,4.685643570137968,-0.9042181506398858,-1.208960345836975,-4.685643570137968,0.9779442841911032,1.0327272502745048,0.7365260880478591,0.9157325408378224,0023-11-20 18:36:21,4.0,7460.0,-100.0,950.0,860.0,5750.0,15.0,20.0,93.3333333333333,85.0,313.0,13.0,B,1.49848298072336
P019,T01,10.0,1.79,3.54,114.63,2.0,B,1.0260415958332743,1.5129270120532565,4.75039543814087,-1.0260415958332743,-1.5129270120532565,-4.75039543814087,0.6538052330252069,-0.6558038281516204,0.6210078107971805,0.20633640522358898,0023-09-11 18:58:10,5.0,3695.0,-385.0,550.0,1030.0,2500.0,12.0,21.0,75.0,90.4761904761905,145.0,2.0,B,-0.202454233887136
P019,T02,3.0,1.99,3.08,124.95,3.0,B,1.095273387402595,1.4060969884160703,4.835885002798619,-1.095273387402595,-1.4060969884160703,-4.835885002798619,0.469598267000143,-0.06236436564148945,0.4684931801500623,0.29190902716957196,0023-09-15 19:05:56,8.0,4950.0,-170.0,950.0,1170.0,3000.0,14.0,23.0,92.8571428571429,95.6521739130435,171.0,3.0,B,0.364524837649698
P019,T03,5.0,1.61,2.54,133.12,4.0,B,0.9593502213346021,1.264126727145683,4.898734921598028,-0.9593502213346021,-1.264126727145683,-4.898734921598028,0.831252840229491,0.7262786831221434,0.3563680080279655,0.6379665104598666,0023-09-18 18:50:58,6.0,6000.0,-140.0,1300.0,1090.0,3750.0,18.0,20.0,94.4444444444444,100.0,221.0,4.0,B,0.838889797899638
P019,T04,7.0,1.71,2.44,147.73,5.0,B,0.9969486348916096,1.235471471385307,5.002132581604506,-0.9969486348916096,-1.235471471385307,-5.002132581604506,0.7312136886822257,0.8854582751278559,0.17190507399856722,0.5961923459362163,0023-09-20 18:23:32,2.0,6265.0,-85.0,1050.0,1050.0,4250.0,16.0,20.0,93.75,100.0,224.0,5.0,B,0.958610478343671
P019,T05,9.0,2.04,2.22,150.08,6.0,B,1.1118575154181303,1.169381359556317,5.017809497844256,-1.1118575154181303,-1.169381359556317,-5.017809497844256,0.4254724133039525,1.2525880304692012,0.14393722669973857,0.6073325568242974,0023-09-25 18:26:55,8.0,5675.0,-135.0,700.0,1110.0,4000.0,16.0,21.0,75.0,100.0,244.0,6.0,B,0.692062548298466
P019,T06,4.0,1.75,2.3,116.76,7.0,B,1.0116009116784799,1.1939224684724346,4.7686486549805664,-1.0116009116784799,-1.1939224684724346,-4.7686486549805664,0.6922279656337859,1.1162624733950568,0.588443805639673,0.7989780815561719,0023-09-26 18:05:45,8.0,6635.0,-475.0,750.0,860.0,5500.0,14.0,20.0,100.0,80.0,297.0,7.0,B,1.1257676548127
P019,T07,1.0,1.69,2.4,155.79,8.0,B,0.9895411936137477,1.2237754316221157,5.054907330372359,-0.9895411936137477,-1.2237754316221157,-5.054907330372359,0.7509228750671757,0.9504296316272037,0.07775415221008072,0.5930355529681534,0023-10-03 18:13:54,1.0,6830.0,-100.0,1400.0,1030.0,4500.0,18.0,20.0,100.0,100.0,248.0,8.0,B,1.2138640045734
P019,T08,4.0,1.17,2.3,196.25,9.0,B,0.7747271675523681,1.1939224684724346,5.284471959725984,-0.7747271675523681,-1.1939224684724346,-5.284471959725984,1.322484568090454,1.1162624733950568,-0.3317924959180096,0.7023181818558338,0023-10-04 19:12:20,8.0,7060.0,-70.0,550.0,1080.0,5500.0,13.0,21.0,92.3076923076923,95.2380952380952,309.0,9.0,B,1.31777251967577
P019,T09,8.0,1.56,2.18,125.49,10.0,B,0.9400072584914712,1.1568811967920856,4.84016325365945,-0.9400072584914712,-1.1568811967920856,-4.84016325365945,0.8827192029871413,1.3220262803125953,0.4608607181944122,0.8885354004980496,0023-10-10 18:43:58,7.0,7285.0,-85.0,1200.0,1170.0,5000.0,17.0,22.0,100.0,100.0,275.0,10.0,B,1.41942215401504
P019,T10,7.0,1.64,2.29,106.95,11.0,B,0.9707789171582247,1.1908875647772805,4.681668156960816,-0.9707789171582247,-1.1908875647772805,-4.681668156960816,0.8008441892965611,1.1331213259563822,0.7436182831574059,0.8925279328034496,0023-10-13 18:36:01,3.0,7505.0,-85.0,650.0,940.0,6000.0,14.0,19.0,85.7142857142857,94.7368421052632,357.0,11.0,B,1.51881290759122
P020,E1,4.0,2.64,2.75,115.38,1.0,A,1.2919836816486494,1.3217558399823195,4.756860699228524,-1.2919836816486494,-1.3217558399823195,-4.756860699228524,-0.053794319954381394,0.4061496727340485,0.6094736906882738,0.3206096811559803,0023-08-31 14:53:08,0.0,5160.0,-100.0,850.0,910.0,3500.0,14.0,21.0,92.8571428571429,85.7142857142857,213.0,1.0,A,0.459397829699686
P020,E2,4.0,1.22,2.07,105.79,12.0,A,0.797507195884188,1.1216775615991057,4.670864289183454,-0.797507195884188,-1.1216775615991057,-4.670864289183454,1.2618731089637913,1.5175820392280386,0.7628925409012758,1.1807825630310351,0023-10-11 09:32:32,3.0,10950.0,0.0,1100.0,1100.0,8750.0,17.0,21.0,100.0,100.0,435.0,12.0,A,3.07518175336364
P020,E3,5.0,1.17,2.04,148.71,13.0,A,0.7747271675523681,1.1118575154181303,5.008700089461746,-0.7747271675523681,-1.1118575154181303,-5.008700089461746,1.322484568090454,1.572132274536928,0.16018854416093262,1.0182684622627716,0023-11-09 17:56:51,3.0,10320.0,-100.0,800.0,1120.0,8500.0,15.0,21.0,93.3333333333333,95.2380952380952,443.0,13.0,A,2.79056277721368
P020,T01,9.0,1.55,2.67,75.15,2.0,A,0.9360933591703348,1.3001916620664788,4.332705079341171,-0.9360933591703348,-1.3001916620664788,-4.332705079341171,0.8931330244834722,0.5259384148512488,1.366173505022344,0.928414981452355,0023-09-07 17:06:49,8.0,6580.0,0.0,600.0,1230.0,4750.0,12.0,23.0,100.0,100.0,253.0,2.0,A,1.10091996641865
P020,T02,8.0,1.66,2.24,101.0,3.0,A,0.9783261227936078,1.1755733298042381,4.624972813284271,-0.9783261227936078,-1.1755733298042381,-4.624972813284271,0.7807631279727452,1.218191712180585,0.844763603464707,0.9479061478726791,0023-09-11 14:46:01,6.0,7230.0,-50.0,750.0,1030.0,5500.0,14.0,21.0,100.0,95.2380952380952,290.0,3.0,A,1.394574465621
P020,T03,8.0,1.79,2.26,120.39,4.0,A,1.0260415958332743,1.1817271953786161,4.799008502909713,-1.0260415958332743,-1.1817271953786161,-4.799008502909713,0.6538052330252069,1.1840070648831065,0.5342813939821385,0.7906978972968174,0023-09-13 11:38:18,10.0,7960.0,0.0,750.0,1210.0,6000.0,13.0,22.0,100.0,100.0,311.0,4.0,A,1.72437105703286
P020,T04,10.0,1.53,2.31,128.35,5.0,A,0.928219302739429,1.1969481893889715,4.862521908632038,-0.928219302739429,-1.1969481893889715,-4.862521908632038,0.9140837468693717,1.09945463105559,0.420972551509246,0.8115036431447359,0023-09-19 16:56:39,4.0,7670.0,0.0,650.0,1270.0,5750.0,11.0,23.0,100.0,100.0,290.0,5.0,A,1.59335597277335
P020,T05,9.0,1.39,2.1,116.81,6.0,A,0.8712933659434192,1.1314021114911006,4.769073157258028,-0.8712933659434192,-1.1314021114911006,-4.769073157258028,1.0655481805873388,1.4635622846255543,0.5876864873831695,1.0389323175320209,0023-09-20 18:37:01,7.0,9200.0,-50.0,1050.0,1200.0,7000.0,18.0,23.0,94.4444444444444,95.6521739130435,343.0,6.0,A,2.28457348628041
P020,T06,10.0,1.12,2.1,117.12,7.0,A,0.7514160886839212,1.1314021114911006,4.771701056875722,-0.7514160886839212,-1.1314021114911006,-4.771701056875722,1.3845090082470837,1.4635622846255543,0.5829982761239951,1.143689856332211,0023-09-26 15:40:01,8.0,9300.0,-100.0,900.0,1000.0,7500.0,17.0,22.0,100.0,86.3636363636364,384.0,7.0,A,2.32975110154231
P020,T07,7.0,1.39,1.93,113.32,8.0,A,0.8712933659434192,1.0750024230289759,4.739001533621612,-0.8712933659434192,-1.0750024230289759,-4.739001533621612,1.0655481805873388,1.776861857790225,0.6413347026972639,1.1612482470249426,0023-09-27 11:25:31,9.0,10610.0,0.0,750.0,1110.0,8750.0,16.0,22.0,100.0,95.4545454545455,441.0,8.0,A,2.92157786147319
P020,T08,8.0,1.25,2.13,104.8,9.0,A,0.8109302162163288,1.1410330045520618,4.661550519424199,-0.8109302162163288,-1.1410330045520618,-4.661550519424199,1.226158102978418,1.4100627925632878,0.7795084420402265,1.1385764458606442,0023-10-03 17:37:22,10.0,10540.0,-100.0,850.0,1040.0,8750.0,16.0,21.0,100.0,90.4761904761905,437.0,9.0,A,2.88995353078986
P020,T09,4.0,1.23,2.01,122.28,10.0,A,0.8020015854720274,1.1019400787607843,4.814458191011861,-0.8020015854720274,-1.1019400787607843,-4.814458191011861,1.2499147607635779,1.627223512739791,0.5067189249960633,1.1279523994998106,0023-10-04 18:18:20,4.0,10580.0,-50.0,1000.0,1130.0,8500.0,18.0,22.0,94.4444444444444,95.4545454545455,426.0,10.0,A,2.90802457689462
P020,T10,10.0,1.13,2.0,110.33,11.0,A,0.7561219797213337,1.0986122886681098,4.712498763740616,-0.7561219797213337,-1.0986122886681098,-4.712498763740616,1.3719879122188476,1.6457093456237204,0.6886160308419068,1.235437762894825,0023-10-09 18:23:42,6.0,11390.0,-50.0,1000.0,940.0,9500.0,17.0,20.0,100.0,90.0,473.0,11.0,A,3.273963260516
P021,E1,2.0,6.23,4.03,149.99,1.0,B,1.9782390361706734,1.6154199841116479,5.017213609456379,-1.9782390361706734,-1.6154199841116479,-5.017213609456379,-1.8797331539708475,-1.2251510226815465,0.1450003002777583,-0.9866279587915453,0023-08-31 16:53:49,0.0,3335.0,-35.0,400.0,970.0,2000.0,14.0,20.0,50.0,95.0,115.0,1.0,B,-0.365093648829973
P021,E2,5.0,1.38,2.98,71.23,12.0,B,0.8671004876833833,1.3812818192963463,4.2798554720627555,-0.8671004876833833,-1.3812818192963463,-4.2798554720627555,1.0767042891566267,0.07548359248047236,1.4604579754858644,0.8708819523743211,0023-10-13 14:05:30,4.0,6495.0,-85.0,400.0,1180.0,5000.0,12.0,22.0,91.6666666666667,100.0,246.0,12.0,B,1.06251899344604
P021,E3,1.0,2.02,2.72,71.05,13.0,B,1.1052568313867783,1.3137236682850553,4.277360322445531,-1.1052568313867783,-1.3137236682850553,-4.277360322445531,0.4430350380973319,0.4507682873568611,1.4649093588073694,0.7862375614205209,0023-11-13 17:28:15,4.0,6115.0,-185.0,400.0,650.0,5250.0,12.0,18.0,83.3333333333333,77.7777777777778,283.0,13.0,B,0.890844055450822
P021,T01,5.0,2.02,3.4,140.49,2.0,B,1.1052568313867783,1.4816045409242156,4.952229043207861,-1.1052568313867783,-1.4816045409242156,-4.952229043207861,0.4430350380973319,-0.4818078876991939,0.2609337145936943,0.0740536216639441,0023-09-05 11:22:13,10.0,4270.0,-50.0,600.0,970.0,2750.0,12.0,21.0,83.3333333333333,90.4761904761905,149.0,2.0,B,0.0573170538687839
P021,T02,5.0,1.52,3.13,137.4,3.0,B,0.9242589015233319,1.4182774069729414,4.93014804318357,-0.9242589015233319,-1.4182774069729414,-4.93014804318357,0.9246212972594803,-0.13002644036017244,0.30032654080009846,0.36497379923313544,0023-09-14 15:08:31,10.0,4440.0,-100.0,450.0,1090.0,3000.0,13.0,21.0,61.5384615384615,95.2380952380952,171.0,3.0,B,0.134118999814012
P021,T03,9.0,1.64,3.1,75.05,4.0,B,0.9707789171582247,1.410986973710262,4.331391018705302,-0.9707789171582247,-1.410986973710262,-4.331391018705302,0.8008441892965611,-0.08952817358487228,1.3685178083689542,0.6932779413602144,0023-09-15 15:13:16,10.0,4890.0,-150.0,500.0,1040.0,3500.0,13.0,22.0,69.2307692307692,90.9090909090909,199.0,4.0,B,0.337418268492558
P021,T04,7.0,1.37,2.82,97.05,5.0,B,0.8628899551470398,1.3402504226184837,4.585477552642355,-0.8628899551470398,-1.3402504226184837,-4.585477552642355,1.0879073709531313,0.303412494501935,0.9152237246880223,0.7688478633810295,0023-09-20 09:27:31,8.0,4540.0,-100.0,650.0,990.0,3000.0,16.0,22.0,62.5,86.3636363636364,178.0,5.0,B,0.179296615075911
P021,T05,8.0,1.8,2.71,84.08,6.0,B,1.0296194171811581,1.3110318766193438,4.4435919903320364,-1.0296194171811581,-1.3110318766193438,-4.4435919903320364,0.644285623601067,0.4657211568302794,1.168349637968193,0.7594521394665131,0023-09-22 14:33:28,9.0,4395.0,-185.0,450.0,630.0,3500.0,13.0,20.0,76.9230769230769,70.0,190.0,6.0,B,0.113789072946158
P021,T06,6.0,1.3,2.93,91.53,7.0,B,0.8329091229351039,1.3686394258811698,4.527532916260939,-0.8329091229351039,-1.3686394258811698,-4.527532916260939,1.1676782105555912,0.14571193183405856,1.0185978014080654,0.7773293145992385,0023-09-28 10:27:54,4.0,5660.0,-100.0,850.0,1160.0,3750.0,17.0,22.0,94.1176470588235,95.4545454545455,224.0,7.0,B,0.685285906009181
P021,T07,8.0,1.56,2.81,120.31,8.0,B,0.9400072584914712,1.3376291891386096,4.798349252782828,-0.9400072584914712,-1.3376291891386096,-4.798349252782828,0.8827192029871413,0.31797341412405306,0.5354575058269975,0.578716707646064,0023-09-29 14:10:49,6.0,5470.0,-100.0,400.0,1170.0,4000.0,13.0,23.0,69.2307692307692,95.6521739130435,211.0,8.0,B,0.599448437011573
P021,T08,8.0,1.37,3.3,74.83,9.0,B,0.8628899551470398,1.4586150226995167,4.328493992712844,-0.8628899551470398,-1.4586150226995167,-4.328493992712844,1.0879073709531313,-0.3541013977618161,1.373686145007276,0.7024973727328637,0023-10-03 15:26:40,4.0,5950.0,-50.0,450.0,1050.0,4500.0,14.0,21.0,71.4285714285714,95.2380952380952,239.0,9.0,B,0.816300990268689
P021,T09,8.0,1.59,2.9,91.56,10.0,B,0.9516578757114463,1.3609765531356006,4.527857082885421,-0.9516578757114463,-1.3609765531356006,-4.527857082885421,0.8517200795820781,0.1882790953391241,1.0180194834203795,0.686006219447194,0023-10-06 14:05:47,4.0,5655.0,-185.0,400.0,940.0,4500.0,11.0,22.0,90.9090909090909,81.8181818181818,230.0,10.0,B,0.683027025246086
P021,T10,6.0,1.76,2.58,108.33,11.0,B,1.0152306797290584,1.275362800412609,4.694370831446394,-1.0152306797290584,-1.275362800412609,-4.694370831446394,0.6825701401634988,0.6638624348313593,0.7209565265423798,0.6891297005124125,0023-10-12 15:10:32,6.0,6180.0,0.0,650.0,780.0,4750.0,15.0,19.0,86.6666666666667,84.2105263157895,245.0,11.0,B,0.920209505371057
P022,E1,5.0,5.34,3.54,144.09,1.0,A,1.8468787684491346,1.5129270120532565,4.977354239527593,-1.8468787684491346,-1.5129270120532565,-4.977354239527593,-1.5302192121137137,-0.6558038281516204,0.2161099977812244,-0.6566376808280366,0023-09-29 09:35:18,8.0,2330.0,-100.0,250.0,930.0,1250.0,14.0,22.0,28.5714285714286,81.8181818181818,61.0,1.0,A,-0.819128682212058
P022,E2,2.0,1.61,2.91,45.37,12.0,A,0.9593502213346021,1.3635373739972745,3.8366526984033693,-0.9593502213346021,-1.3635373739972745,-3.8366526984033693,0.831252840229491,0.1740537670653271,2.2511381900483176,1.0854815991143785,0023-12-06 11:03:06,5.0,8820.0,0.0,900.0,1170.0,6750.0,14.0,21.0,100.0,100.0,326.0,12.0,A,2.11289854828519
P022,E3,2.0,2.07,3.09,43.31,13.0,A,1.1216775615991057,1.4085449700547104,3.7912103852113983,-1.1216775615991057,-1.4085449700547104,-3.7912103852113983,0.3993439415105821,-0.0759628734243102,2.332207939788772,0.885196335958348,0024-01-11 15:52:37,3.0,8270.0,-50.0,500.0,1070.0,6750.0,12.0,21.0,100.0,95.2380952380952,323.0,13.0,A,1.86442166434475
P022,T01,7.0,3.92,3.34,47.44,2.0,A,1.5933085305042167,1.4678743481123135,3.8803259186848913,-1.5933085305042167,-1.4678743481123135,-3.8803259186848913,-0.855537781122326,-0.40553683612545477,2.173224527871272,0.30404997020783037,0023-10-18 17:48:29,10.0,4020.0,-150.0,300.0,1120.0,2750.0,14.0,23.0,42.8571428571429,91.304347826087,134.0,2.0,A,-0.0556269842859639
P022,T02,2.0,2.12,2.71,74.99,3.0,A,1.1378330018213911,1.3110318766193438,4.330601752681694,-1.1378330018213911,-1.3110318766193438,-4.330601752681694,0.35635870942733155,0.4657211568302794,1.3699258704705088,0.7306685789093733,0023-10-20 14:24:40,7.0,4750.0,-200.0,750.0,950.0,3250.0,13.0,21.0,76.9230769230769,85.7142857142857,156.0,3.0,A,0.274169607125899
P022,T03,8.0,2.77,3.15,31.28,4.0,A,1.3270750014599193,1.423108334242607,3.474447843401748,-1.3270750014599193,-1.423108334242607,-3.474447843401748,-0.1471627769843698,-0.1568621817063718,2.8973169359609985,0.8644306590900857,0023-10-23 14:35:08,9.0,5150.0,-50.0,600.0,1100.0,3500.0,13.0,22.0,69.2307692307692,95.4545454545455,162.0,4.0,A,0.454880068173496
P022,T04,9.0,1.63,2.83,56.83,5.0,A,0.9669838461896731,1.3428648031925547,4.057507672170127,-0.9669838461896731,-1.3428648031925547,-4.057507672170127,0.8109418408684796,0.2888896426869552,1.8571296945615776,0.9856537260390041,0023-10-25 11:32:07,9.0,6530.0,0.0,450.0,1080.0,5000.0,9.0,20.0,88.8888888888889,100.0,236.0,5.0,A,1.0783311587877
P022,T05,5.0,1.6,3.22,62.11,6.0,A,0.9555114450274363,1.4398351280479207,4.144879235596148,-0.9555114450274363,-1.4398351280479207,-4.144879235596148,0.8414667798194244,-0.2497793148060965,1.7012575506533902,0.7643150052222394,0023-11-13 15:23:05,8.0,6080.0,-100.0,750.0,1180.0,4250.0,15.0,23.0,100.0,100.0,208.0,6.0,A,0.875031890109157
P022,T06,6.0,1.84,3.24,40.79,7.0,A,1.0438040521731147,1.4445632692438664,3.732657076459824,-1.0438040521731147,-1.4445632692438664,-3.732657076459824,0.6065441681683414,-0.2760440807816543,2.436667896897743,0.92238932809481,0023-11-17 15:17:10,7.0,6560.0,-50.0,1200.0,1160.0,4250.0,18.0,22.0,94.4444444444444,95.4545454545455,197.0,7.0,A,1.09188444336627
P022,T07,7.0,3.03,2.94,34.28,8.0,A,1.3937663759585914,1.3711807233098425,3.5633162311385904,-1.3937663759585914,-1.3711807233098425,-3.5633162311385904,-0.32461038418865396,0.13159505598957025,2.7387744356435535,0.8485863691481565,0023-11-22 19:04:13,10.0,7200.0,-200.0,800.0,1100.0,5500.0,16.0,22.0,87.5,90.9090909090909,254.0,8.0,A,1.38102118104243
P022,T08,9.0,1.63,3.01,52.19,9.0,A,0.9669838461896731,1.3887912413184778,3.9738704087542263,-0.9669838461896731,-1.3887912413184778,-3.9738704087542263,0.8109418408684796,0.03376884584978625,2.006339792768056,0.950350159828774,0023-11-24 15:25:48,8.0,8010.0,-50.0,900.0,1160.0,6000.0,17.0,21.0,100.0,100.0,307.0,9.0,A,1.74695986466381
P022,T09,3.0,2.01,3.26,35.85,10.0,A,1.1019400787607843,1.449269160281279,3.6068556186353455,-1.1019400787607843,-1.449269160281279,-3.6068556186353455,0.45186001466432246,-0.3021852474012351,2.66109953310716,0.9369247667900824,0023-12-01 15:08:30,4.0,6960.0,-300.0,750.0,1010.0,5500.0,15.0,20.0,100.0,90.0,272.0,10.0,A,1.27259490441387
P022,T10,2.0,1.38,2.98,33.91,11.0,A,0.8671004876833833,1.3812818192963463,3.5527733211169448,-0.8671004876833833,-1.3812818192963463,-3.5527733211169448,1.0767042891566267,0.07548359248047236,2.7575831409438365,1.3032570075269785,0023-12-05 14:48:53,7.0,7575.0,-35.0,500.0,1110.0,6000.0,14.0,22.0,78.5714285714286,95.4545454545455,304.0,11.0,A,1.55043723827455
P023,E1,1.0,5.1,3.66,135.55,1.0,A,1.8082887711792655,1.5390154481375546,4.916690847919714,-1.8082887711792655,-1.5390154481375546,-4.916690847919714,-1.4275417260214982,-0.8007247685435752,0.3243343734920743,-0.6346440403576664,0023-09-29 16:13:02,0.0,1560.0,-50.0,0.0,860.0,750.0,13.0,20.0,15.3846153846154,85.0,43.0,1.0,A,-1.16699631972868
P023,E2,1.0,2.5,2.97,262.53,12.0,A,1.252762968495368,1.3787660946990992,5.574167213493181,-1.252762968495368,-1.3787660946990992,-5.574167213493181,0.05056132954619892,0.08945841156208291,-0.8486130553092004,-0.23619777140030618,0023-11-15 11:58:54,1.0,4930.0,-150.0,100.0,980.0,4000.0,14.0,22.0,42.8571428571429,86.3636363636364,205.0,12.0,A,0.355489314597318
P023,E3,5.0,2.3,3.16,248.93,13.0,A,1.1939224684724346,1.425515074273172,5.521180878654928,-1.1939224684724346,-1.425515074273172,-5.521180878654928,0.20711989524169325,-0.1702315928654547,-0.7540846608840666,-0.2390654528359427,0023-12-14 11:35:37,1.0,3670.0,0.0,150.0,1020.0,2500.0,15.0,19.0,26.6666666666667,100.0,142.0,13.0,A,-0.213748637702611
P023,T01,3.0,3.28,3.63,172.15,2.0,A,1.4539530095937052,1.5325568680981427,5.154158270848431,-1.4539530095937052,-1.5325568680981427,-5.154158270848431,-0.4847506452721089,-0.7648474361544703,-0.09931097367619472,-0.4496363517009247,0023-10-10 12:05:51,3.0,2375.0,-85.0,200.0,1010.0,1250.0,12.0,20.0,33.3333333333333,95.0,62.0,2.0,A,-0.798798755344204
P023,T02,2.0,2.85,3.88,196.63,3.0,A,1.3480731482996928,1.5851452198650557,5.286396595652343,-1.3480731482996928,-1.5851452198650557,-5.286396595652343,-0.2030331341400197,-1.0569750810273995,-0.33522607449118424,-0.5317447632195345,0023-10-19 17:32:33,3.0,2480.0,-100.0,100.0,980.0,1500.0,13.0,20.0,23.0769230769231,95.0,84.0,3.0,A,-0.75136225931921
P023,T03,10.0,2.41,3.16,266.25,4.0,A,1.2267122912954254,1.425515074273172,5.588184549905154,-1.2267122912954254,-1.425515074273172,-5.588184549905154,0.11987509568057468,-0.1702315928654547,-0.8736201879819108,-0.30799222838893026,0023-10-20 15:43:06,7.0,3080.0,-50.0,300.0,1080.0,1750.0,9.0,21.0,55.5555555555556,95.2380952380952,101.0,4.0,A,-0.480296567747815
P023,T04,6.0,3.47,3.43,184.7,5.0,A,1.4973884086254776,1.4883995840570443,5.22413246835866,-1.4973884086254776,-1.4883995840570443,-5.22413246835866,-0.6003204274829217,-0.5195542684186624,-0.22414596296203437,-0.44800688628787283,0023-10-25 11:19:26,3.0,2640.0,0.0,50.0,1090.0,1500.0,12.0,20.0,16.6666666666667,100.0,83.0,5.0,A,-0.679078074900171
P023,T05,6.0,1.55,2.85,298.41,6.0,A,0.9360933591703348,1.3480731482996928,5.701813871561357,-0.9360933591703348,-1.3480731482996928,-5.701813871561357,0.8931330244834722,0.25995734991274105,-1.076336555674953,0.025584606240420138,0023-10-26 17:33:45,4.0,3300.0,0.0,500.0,1050.0,1750.0,17.0,20.0,41.1764705882353,100.0,94.0,6.0,A,-0.380905814171637
P023,T06,9.0,2.82,3.44,161.69,7.0,A,1.3402504226184837,1.4906543764441333,5.091846549521079,-1.3402504226184837,-1.4906543764441333,-5.091846549521079,-0.18221898891688143,-0.5320796122939986,0.01185404630342003,-0.23414818496915335,0023-11-07 13:22:51,6.0,3330.0,-150.0,150.0,1080.0,2250.0,17.0,21.0,17.6470588235294,95.2380952380952,122.0,7.0,A,-0.367352529593068
P023,T07,8.0,2.18,3.1,259.21,8.0,A,1.1568811967920856,1.410986973710262,5.561488997315319,-1.1568811967920856,-1.410986973710262,-5.561488997315319,0.30567664380012355,-0.08952817358487228,-0.8259949326719879,-0.20328215415224551,0023-11-08 11:49:34,6.0,3570.0,-150.0,250.0,970.0,2500.0,14.0,20.0,35.7142857142857,95.0,148.0,8.0,A,-0.25892625296451
P023,T08,10.0,2.2,2.98,172.87,9.0,A,1.1631508098056809,1.3812818192963463,5.158307893539698,-1.1631508098056809,-1.3812818192963463,-5.158307893539698,0.2889949089322738,0.07548359248047236,-0.10671396110065089,0.0859215134373651,0023-11-09 12:42:07,9.0,4230.0,-100.0,650.0,930.0,2750.0,16.0,21.0,62.5,85.7142857142857,152.0,9.0,A,0.0392460077640242
P023,T09,9.0,2.16,3.09,172.77,10.0,A,1.1505720275988207,1.4085449700547104,5.157732585734163,-1.1505720275988207,-1.4085449700547104,-5.157732585734163,0.3224636269026254,-0.0759628734243102,-0.10568760358180179,0.046937716632171146,0023-11-10 14:17:52,8.0,4560.0,0.0,250.0,1060.0,3250.0,14.0,20.0,35.7142857142857,100.0,179.0,10.0,A,0.188332138128291
P023,T10,6.0,1.95,3.13,182.71,11.0,A,1.0818051703517284,1.4182774069729414,5.213358427320846,-1.0818051703517284,-1.4182774069729414,-5.213358427320846,0.5054335291603466,-0.13002644036017244,-0.20492491655669118,0.05682739074782766,0023-11-14 19:30:58,7.0,5680.0,-100.0,400.0,1130.0,4250.0,14.0,22.0,64.2857142857143,100.0,214.0,11.0,A,0.694321429061561
P024,E1,3.0,3.57,3.23,217.28,1.0,A,1.5195132049061133,1.4422019930581866,5.385778642318031,-1.5195132049061133,-1.4422019930581866,-5.385778642318031,-0.65918849234728,-0.26292722071966723,-0.5125250957325813,-0.4782136029331762,0023-10-02 15:03:09,8.0,2970.0,-350.0,650.0,670.0,2000.0,10.0,19.0,90.0,84.2105263157895,114.0,1.0,A,-0.529991944535904
P024,E2,4.0,2.55,2.82,31.38,12.0,A,1.2669476034873244,1.3402504226184837,3.477540948249489,-1.2669476034873244,-1.3402504226184837,-3.477540948249489,0.012819874113473876,0.303412494501935,2.89179879178405,1.0693437201331528,0023-11-22 10:34:24,3.0,7320.0,-100.0,600.0,1070.0,5750.0,15.0,21.0,86.6666666666667,95.2380952380952,345.0,12.0,A,1.43523431935671
P024,E3,3.0,2.6,2.76,68.6,13.0,A,1.2809338454620642,1.324418957401803,4.242764567340374,-1.2809338454620642,-1.324418957401803,-4.242764567340374,-0.024393711464180155,0.3913560883444484,1.5266286906690387,0.6311970225164356,0023-12-20 11:23:41,1.0,7410.0,-150.0,500.0,1060.0,6000.0,17.0,21.0,64.7058823529412,95.2380952380952,326.0,13.0,A,1.47589417309242
P024,T01,9.0,2.92,3.26,103.83,2.0,A,1.366091653802371,1.449269160281279,4.6523399904644815,-1.366091653802371,-1.449269160281279,-4.6523399904644815,-0.2509754761727385,-0.3021852474012351,0.7959401600865126,0.08092647883751299,0023-10-11 15:07:51,9.0,4150.0,-50.0,400.0,1050.0,2750.0,13.0,23.0,53.8461538461538,91.304347826087,137.0,2.0,A,0.0031039155545049
P024,T02,8.0,2.5,2.77,102.39,3.0,A,1.252762968495368,1.3270750014599193,4.638508245598602,-1.252762968495368,-1.3270750014599193,-4.638508245598602,0.05056132954619892,0.37660179638992447,0.8206161947331999,0.41592644022310776,0023-10-19 11:30:26,4.0,4560.0,-100.0,600.0,1060.0,3000.0,14.0,22.0,64.2857142857143,90.9090909090909,151.0,3.0,A,0.188332138128291
P024,T03,5.0,2.04,2.96,89.34,4.0,A,1.1118575154181303,1.3762440252663892,4.503580330226458,-1.1118575154181303,-1.3762440252663892,-4.503580330226458,0.4254724133039525,0.10346847612636366,1.0613295643631955,0.5300901512645039,0023-10-20 11:09:46,10.0,5500.0,-50.0,300.0,1000.0,4250.0,13.0,21.0,53.8461538461538,90.4761904761905,227.0,4.0,A,0.613001721590143
P024,T04,8.0,1.67,2.66,82.53,5.0,A,0.9820784724121582,1.297463147413275,4.425205848767815,-0.9820784724121582,-1.297463147413275,-4.425205848767815,0.7707791462927913,0.5410952800668501,1.201150782773633,0.8376750697110914,0023-10-23 14:11:58,2.0,5830.0,-100.0,800.0,1130.0,4000.0,17.0,22.0,70.5882352941177,95.4545454545455,238.0,5.0,A,0.76208785195441
P024,T05,7.0,1.25,2.52,66.66,6.0,A,0.8109302162163288,1.2584609896100056,4.214495163352562,-0.8109302162163288,-1.2584609896100056,-4.214495163352562,1.226158102978418,0.7577517851904794,1.577061719835535,1.1869905360014774,0023-10-26 14:55:43,8.0,6450.0,-100.0,850.0,1200.0,4500.0,14.0,22.0,92.8571428571429,100.0,256.0,6.0,A,1.04218906657818
P024,T06,8.0,1.45,2.72,70.98,7.0,A,0.8960880245566357,1.3137236682850553,4.276388302650885,-0.8960880245566357,-1.3137236682850553,-4.276388302650885,0.9995763382698594,0.4507682873568611,1.4666434563028443,0.9723293606431883,0023-10-30 15:19:45,4.0,6650.0,-100.0,550.0,1200.0,5000.0,13.0,22.0,76.9230769230769,100.0,268.0,7.0,A,1.13254429710198
P024,T07,1.0,2.5,2.83,52.56,8.0,A,1.252762968495368,1.3428648031925547,3.9808025208229716,-1.252762968495368,-1.3428648031925547,-3.9808025208229716,0.05056132954619892,0.2888896426869552,1.9939728036974984,0.7778079253102175,0023-11-14 16:02:20,10.0,7060.0,0.0,600.0,1210.0,5250.0,15.0,22.0,80.0,100.0,284.0,8.0,A,1.31777251967577
P024,T08,8.0,1.89,2.71,38.82,9.0,A,1.0612565021243408,1.3110318766193438,3.6843692986360503,-1.0612565021243408,-1.3110318766193438,-3.6843692986360503,0.5601079459885263,0.4657211568302794,2.522813997056827,1.1828810332918775,0023-11-16 15:35:32,5.0,7640.0,0.0,500.0,1140.0,6000.0,12.0,21.0,83.3333333333333,100.0,316.0,9.0,A,1.57980268819478
P024,T09,5.0,1.27,2.56,46.03,10.0,A,0.8197798314933114,1.269760544863939,3.8507856959569566,-0.8197798314933114,-1.269760544863939,-3.8507856959569566,1.2026116838592513,0.6949828952455401,2.2259247162114657,1.3745064317720856,0023-11-17 12:37:33,6.0,7910.0,-300.0,650.0,1060.0,6500.0,19.0,21.0,78.9473684210526,95.2380952380952,365.0,10.0,A,1.70178224940191
P024,T10,10.0,1.6,3.25,27.38,11.0,A,0.9555114450274363,1.4469189829363254,3.3456846717318967,-0.9555114450274363,-1.4469189829363254,-3.3456846717318967,0.8414667798194244,-0.2891300412624682,3.1270323128821373,1.2264563504796977,0023-11-20 12:15:41,2.0,7870.0,-650.0,400.0,870.0,7250.0,13.0,20.0,69.2307692307692,85.0,384.0,11.0,A,1.68371120329715
P025,E1,5.0,5.19,4.68,166.03,1.0,A,1.8229350866965048,1.7369512327330598,5.118173437001857,-1.8229350866965048,-1.7369512327330598,-5.118173437001857,-1.4665115877529409,-1.9002556084954847,-0.03511350507309903,-1.1339602337738415,0023-10-04 08:54:18,2.0,1305.0,-555.0,300.0,810.0,750.0,9.0,19.0,66.6666666666667,78.9473684210526,45.0,1.0,A,-1.28219923864652
P025,E2,2.0,1.82,3.57,149.75,12.0,A,1.0367368849500223,1.5195132049061133,5.015622835607295,-1.0367368849500223,-1.5195132049061133,-5.015622835607295,0.6253479778495359,-0.6923900481440579,0.14783826403400604,0.026932064579828007,0023-12-14 15:31:02,3.0,5100.0,-600.0,50.0,650.0,5000.0,13.0,20.0,61.5384615384615,65.0,263.0,12.0,A,0.432291260542546
P025,E3,5.0,1.64,3.27,250.19,13.0,A,0.9707789171582247,1.451613827240533,5.5262096248844506,-0.9707789171582247,-1.451613827240533,-5.5262096248844506,0.8008441892965611,-0.3152098434154645,-0.7630560175272338,-0.09247389054871241,0024-01-15 15:32:34,2.0,5050.0,-650.0,350.0,600.0,4750.0,12.0,20.0,91.6666666666667,60.0,258.0,13.0,A,0.409702452911597
P025,T01,3.0,2.61,3.97,166.39,2.0,A,1.2837077723447896,1.6034198401085376,5.120326419114528,-1.2837077723447896,-1.6034198401085376,-5.120326419114528,-0.03177437637923686,-1.1584903708835521,-0.03895445657423908,-0.40973973461234264,0023-10-23 17:24:40,7.0,2060.0,-1240.0,250.0,550.0,2500.0,10.0,19.0,50.0,57.8947368421053,139.0,2.0,A,-0.941108243419186
P025,T02,8.0,3.06,5.01,159.7,3.0,A,1.4011829736136414,1.7934247485471162,5.0795392727434665,-1.4011829736136414,-1.7934247485471162,-5.0795392727434665,-0.34434393320272816,-2.2139652916887522,0.03381040763856044,-0.8414996057509733,0023-10-25 17:43:25,2.0,2715.0,-535.0,100.0,650.0,2500.0,14.0,20.0,35.7142857142857,70.0,156.0,3.0,A,-0.645194863453747
P025,T03,4.0,2.45,4.18,159.63,4.0,A,1.2383742310432684,1.6448050562713916,5.079103583569675,-1.2383742310432684,-1.6448050562713916,-5.079103583569675,0.08884584610863072,-1.3883847357763144,0.034587683481334425,-0.4216504020621164,0023-11-08 18:08:37,3.0,2455.0,-1295.0,200.0,300.0,3250.0,13.0,17.0,53.8461538461538,41.1764705882353,206.0,4.0,A,-0.762656663134685
P025,T04,3.0,2.03,4.39,279.3,5.0,A,1.1085626195212777,1.6845453849209058,5.635860458170742,-1.1085626195212777,-1.6845453849209058,-5.635860458170742,0.4342392350598207,-1.609141770838268,-0.9586747039219795,-0.7111924132334756,0023-11-09 18:52:28,7.0,4300.0,-350.0,450.0,450.0,3750.0,12.0,19.0,75.0,63.1578947368421,215.0,5.0,A,0.0708703384473536
P025,T05,10.0,1.87,4.77,137.71,6.0,A,1.0543120297715298,1.7526720805200082,4.932385422775199,-1.0543120297715298,-1.7526720805200082,-4.932385422775199,0.5785852979934267,-1.9875847238813844,0.29633502296513414,-0.37088813430760786,0023-11-16 14:11:07,6.0,3610.0,-450.0,0.0,560.0,3500.0,9.0,20.0,77.7777777777778,60.0,211.0,6.0,A,-0.24085520685975
P025,T06,3.0,1.78,3.42,194.81,7.0,A,1.0224509277025458,1.4861396960896067,5.277144801315235,-1.0224509277025458,-1.4861396960896067,-5.277144801315235,0.6633590242441169,-0.5070006186573939,-0.318720738409569,-0.054120777607615335,0023-11-21 17:42:52,5.0,4550.0,-300.0,300.0,800.0,3750.0,12.0,21.0,75.0,76.1904761904762,241.0,7.0,A,0.183814376602101
P025,T07,3.0,1.48,3.69,179.42,8.0,A,0.9082585601768908,1.5454325824581878,5.195287466228493,-0.9082585601768908,-1.5454325824581878,-5.195287466228493,0.9671938534216611,-0.8363718704765031,-0.17268605831156553,-0.013954691788802506,0023-11-23 17:40:41,6.0,4900.0,-350.0,250.0,500.0,4500.0,14.0,19.0,64.2857142857143,63.1578947368421,275.0,8.0,A,0.341936030018748
P025,T08,7.0,1.8,3.5,108.18,9.0,A,1.0296194171811581,1.5040773967762742,4.692997896353612,-1.0296194171811581,-1.5040773967762742,-4.692997896353612,0.644285623601067,-0.6066443245346447,0.723405862779105,0.25368238728184245,0023-11-28 17:21:14,6.0,5950.0,-350.0,350.0,700.0,5250.0,14.0,20.0,78.5714285714286,70.0,315.0,9.0,A,0.816300990268689
P025,T09,7.0,1.6,3.46,206.69,10.0,A,0.9555114450274363,1.4951487660319727,5.336046583358044,-0.9555114450274363,-1.4951487660319727,-5.336046583358044,0.8414667798194244,-0.5570458909721406,-0.4238023769543475,-0.046460496035687915,0023-11-29 15:39:21,6.0,7000.0,-750.0,550.0,450.0,6750.0,17.0,19.0,70.5882352941177,47.3684210526316,365.0,10.0,A,1.29066595051863
P025,T10,1.0,1.64,3.05,174.22,11.0,A,0.9707789171582247,1.3987168811184478,5.166042327238218,-0.9707789171582247,-1.3987168811184478,-5.166042327238218,0.8008441892965611,-0.021367960709087135,-0.1205123036646455,0.21965464164094284,0023-12-04 19:36:15,10.0,5265.0,-1085.0,400.0,700.0,5250.0,17.0,19.0,64.7058823529412,73.6842105263158,349.0,11.0,A,0.50683432572468
P026,E1,3.0,6.84,3.92,191.63,1.0,A,2.0592388343623163,1.5933085305042167,5.2607712504740665,-2.0592388343623163,-1.5933085305042167,-5.2607712504740665,-2.0952515846702044,-1.1023221708535655,-0.28951008481786966,-1.1623612801138798,0023-10-05 15:48:35,0.0,1805.0,-275.0,1200.0,630.0,250.0,18.0,20.0,72.2222222222222,75.0,19.0,1.0,A,-1.05631116233703
P026,E2,4.0,1.8,2.71,173.56,12.0,A,1.0296194171811581,1.3110318766193438,5.16226852208476,-1.0296194171811581,-1.3110318766193438,-5.16226852208476,0.644285623601067,0.4657211568302794,-0.11377978021084183,0.33207566674016825,0023-12-07 12:00:34,3.0,4525.0,-385.0,800.0,860.0,3250.0,13.0,21.0,84.6153846153846,80.9523809523809,176.0,12.0,A,0.172519972786627
P026,E3,2.0,1.84,3.11,167.91,13.0,A,1.0438040521731147,1.413423028508143,5.129366028692254,-1.0438040521731147,-1.413423028508143,-5.129366028692254,0.6065441681683414,-0.10306042791451109,-0.055081251949328336,0.14946749610150067,0024-01-09 18:05:28,2.0,3955.0,-185.0,750.0,890.0,2500.0,14.0,20.0,78.5714285714286,90.0,162.0,13.0,A,-0.0849924342061983
P026,T01,10.0,3.52,3.75,98.92,2.0,A,1.5085119938441398,1.55814461804655,4.604369865817322,-1.5085119938441398,-1.55814461804655,-4.604369865817322,-0.6299172620874305,-0.9069870712424172,0.881519562343939,-0.21846159032863618,0023-10-26 11:09:09,4.0,2610.0,-190.0,1000.0,1050.0,750.0,17.0,21.0,70.5882352941177,95.2380952380952,46.0,2.0,A,-0.692631359478741
P026,T02,4.0,2.57,3.85,164.48,3.0,A,1.2725655957915476,1.5789787049493917,5.108850341593211,-1.2725655957915476,-1.5789787049493917,-5.108850341593211,-0.0021280752903330836,-1.0227201667952308,-0.01848096683957387,-0.34777640297504586,0023-10-27 13:46:53,9.0,2590.0,-120.0,800.0,910.0,1000.0,15.0,19.0,66.6666666666667,94.7368421052632,61.0,3.0,A,-0.701666882531121
P026,T03,6.0,2.43,3.88,171.57,4.0,A,1.2325602611778486,1.5851452198650557,5.150802951259488,-1.2325602611778486,-1.5851452198650557,-5.150802951259488,0.10431523849605412,-1.0569750810273995,-0.09332503457521374,-0.34866162570218634,0023-11-07 15:50:09,9.0,2530.0,-470.0,850.0,900.0,1250.0,16.0,20.0,75.0,85.0,71.0,4.0,A,-0.72877345168826
P026,T04,8.0,2.03,2.88,240.18,5.0,A,1.1085626195212777,1.355835153635182,5.485543542675447,-1.1085626195212777,-1.355835153635182,-5.485543542675447,0.4342392350598207,0.2168395060944411,-0.6905071335458788,-0.013142797463872332,0023-11-09 14:03:55,7.0,2860.0,-420.0,800.0,980.0,1500.0,15.0,20.0,73.3333333333333,90.0,87.0,5.0,A,-0.579687321323993
P026,T05,2.0,2.08,3.42,179.9,6.0,A,1.1249295969854831,1.4861396960896067,5.19794439240125,-1.1249295969854831,-1.4861396960896067,-5.19794439240125,0.3906911599148478,-0.5070006186573939,-0.17742605336847084,-0.09791183737033897,0023-11-16 13:49:34,3.0,2890.0,-50.0,850.0,840.0,1250.0,15.0,19.0,80.0,89.4736842105263,80.0,6.0,A,-0.566134036745424
P026,T06,1.0,1.63,3.09,255.18,7.0,A,0.9669838461896731,1.4085449700547104,5.54588032240299,-0.9669838461896731,-1.4085449700547104,-5.54588032240299,0.8109418408684796,-0.0759628734243102,-0.798148828896923,-0.021056620484251165,0023-11-22 16:43:41,2.0,3255.0,-85.0,600.0,990.0,1750.0,12.0,20.0,75.0,95.0,96.0,7.0,A,-0.401235741039492
P026,T07,4.0,2.12,2.88,223.49,8.0,A,1.1378330018213911,1.355835153635182,5.413831162760377,-1.1378330018213911,-1.355835153635182,-5.413831162760377,0.35635870942733155,0.2168395060944411,-0.5625712014896225,0.0035423380107167204,0023-11-23 15:37:24,1.0,3305.0,-85.0,550.0,1090.0,1750.0,10.0,23.0,90.0,91.304347826087,94.0,8.0,A,-0.378646933408542
P026,T08,5.0,1.52,2.83,134.84,9.0,A,0.9242589015233319,1.3428648031925547,4.9114777225630375,-0.9242589015233319,-1.3428648031925547,-4.9114777225630375,0.9246212972594803,0.2888896426869552,0.3336346651881857,0.5157152017115404,0023-11-24 15:31:05,9.0,3330.0,-100.0,500.0,680.0,2250.0,10.0,18.0,80.0,77.7777777777778,146.0,9.0,A,-0.367352529593068
P026,T09,10.0,1.59,2.91,270.52,10.0,A,0.9516578757114463,1.3635373739972745,5.604035801485916,-0.9516578757114463,-1.3635373739972745,-5.604035801485916,0.8517200795820781,0.1740537670653271,-0.901899052072668,0.04129159819157905,0023-11-30 13:29:56,1.0,3750.0,-50.0,600.0,950.0,2250.0,14.0,20.0,64.2857142857143,90.0,117.0,10.0,A,-0.177606545493091
P026,T10,3.0,1.9,2.86,164.82,11.0,A,1.0647107369924282,1.3506671834767394,5.110902862688072,-1.0647107369924282,-1.3506671834767394,-5.110902862688072,0.550917166571078,0.24554751652707232,-0.02214269441920817,0.2581073295596474,0023-12-01 12:28:01,10.0,4375.0,-335.0,650.0,560.0,3500.0,14.0,19.0,78.5714285714286,73.6842105263158,195.0,11.0,A,0.104753549893778
P027,E1,2.0,11.54,4.01,932.71,1.0,B,2.5289235352047745,1.6114359150967734,6.8391658975107115,-2.5289235352047745,-1.6114359150967734,-6.8391658975107115,-3.34495481738156,-1.2030195684864227,-3.1053891640004587,-2.5511211832894802,0023-10-06 14:01:18,0.0,740.0,-1030.0,350.0,920.0,500.0,15.0,21.0,53.3333333333333,80.9523809523809,48.0,1.0,B,-1.53745276487625
P027,E2,5.0,3.14,3.56,84.83,12.0,B,1.420695787837223,1.5173226235262949,4.452368595730128,-1.420695787837223,-1.5173226235262949,-4.452368595730128,-0.39626222428346186,-0.6802213956214385,1.1526920458868168,0.02540280866063882,0023-12-13 16:30:11,4.0,3190.0,-100.0,300.0,740.0,2250.0,16.0,20.0,56.25,80.0,116.0,12.0,B,-0.430601190959726
P027,E3,2.0,2.93,3.14,153.31,13.0,B,1.3686394258811698,1.420695787837223,5.038963566083114,-1.3686394258811698,-1.420695787837223,-5.038963566083114,-0.2577544046696122,-0.14346051620684816,0.10619806032253765,-0.09833895351797424,0024-01-16 15:04:05,1.0,3080.0,-220.0,400.0,650.0,2250.0,16.0,19.0,43.75,73.6842105263158,110.0,13.0,B,-0.480296567747815
P027,T01,7.0,2.7,3.76,383.53,2.0,B,1.308332819650179,1.5602476682433286,5.952021809309053,-1.308332819650179,-1.5602476682433286,-5.952021809309053,-0.09729492914158298,-0.9186694891238053,-1.5227111671651294,-0.8462251951435059,0023-10-23 09:24:04,3.0,1320.0,-780.0,250.0,850.0,1000.0,11.0,20.0,54.5454545454545,85.0,62.0,2.0,B,-1.27542259635724
P027,T02,2.0,4.25,3.28,236.98,3.0,B,1.6582280766035324,1.4539530095937052,5.472186636527008,-1.6582280766035324,-1.4539530095937052,-5.472186636527008,-1.028271034900761,-0.3282039725106161,-0.6666782180990304,-0.6743844085034691,0023-10-27 11:40:17,10.0,1715.0,-395.0,200.0,660.0,1250.0,12.0,20.0,33.3333333333333,70.0,73.0,3.0,B,-1.09697101607274
P027,T03,2.0,6.55,3.08,148.74,4.0,B,2.0215475632609334,1.4060969884160703,5.0089004568025395,-2.0215475632609334,-1.4060969884160703,-5.0089004568025395,-1.9949653644550018,-0.06236436564148945,0.15983108590158546,-0.6324995480649687,0023-11-07 11:57:56,8.0,2295.0,-235.0,100.0,930.0,1500.0,13.0,20.0,23.0769230769231,90.0,88.0,4.0,B,-0.834940847553723
P027,T04,8.0,1.31,2.85,176.95,5.0,B,0.8372475245337022,1.3480731482996928,5.181502611956201,-0.8372475245337022,-1.3480731482996928,-5.181502611956201,1.1561349039653537,0.25995734991274105,-0.14809367716797642,0.4226661922367061,0023-11-10 15:06:39,9.0,2410.0,-170.0,150.0,930.0,1500.0,10.0,20.0,40.0,90.0,84.0,5.0,B,-0.782986590002539
P027,T05,2.0,2.88,3.1,124.31,6.0,B,1.355835153635182,1.410986973710262,4.830790667177194,-1.355835153635182,-1.410986973710262,-4.830790667177194,-0.2236857190393888,-0.08952817358487228,0.47758154922533674,0.05478921886702522,0023-11-24 11:44:20,5.0,2195.0,-205.0,400.0,750.0,1250.0,14.0,19.0,42.8571428571429,78.9473684210526,74.0,6.0,B,-0.880118462815622
P027,T06,3.0,3.8,2.91,143.66,7.0,B,1.5686159179138452,1.3635373739972745,4.974386161421135,-1.5686159179138452,-1.3635373739972745,-4.974386161421135,-0.7898374555146863,0.1740537670653271,0.22140509242757722,-0.13145953200726068,0023-11-27 11:27:19,4.0,2890.0,-150.0,700.0,840.0,1500.0,13.0,20.0,84.6153846153846,85.0,84.0,7.0,B,-0.566134036745424
P027,T07,3.0,2.78,3.11,101.35,8.0,B,1.3297240096314962,1.413423028508143,4.628398312107299,-1.3297240096314962,-1.413423028508143,-4.628398312107299,-0.15421106718747954,-0.10306042791451109,0.8386524635861987,0.19379365616140268,0023-11-29 17:17:15,3.0,3040.0,-300.0,200.0,890.0,2250.0,14.0,21.0,57.1428571428571,80.9523809523809,117.0,8.0,B,-0.498367613852575
P027,T08,3.0,2.11,3.05,123.11,9.0,B,1.1346227261911428,1.3987168811184478,4.82116826914143,-1.1346227261911428,-1.3987168811184478,-4.82116826914143,0.3649003796708371,-0.021367960709087135,0.4947480477124832,0.2794268222247444,0023-11-30 11:02:51,9.0,3025.0,-205.0,350.0,880.0,2000.0,15.0,21.0,40.0,80.9523809523809,117.0,9.0,B,-0.50514425614186
P027,T09,2.0,3.14,2.9,106.05,10.0,B,1.420695787837223,1.3609765531356006,4.6732960150356915,-1.420695787837223,-1.3609765531356006,-4.6732960150356915,-0.39626222428346186,0.1882790953391241,0.7585543065018632,0.18352372585250845,0023-12-04 17:03:30,5.0,3620.0,-100.0,500.0,970.0,2250.0,15.0,21.0,60.0,85.7142857142857,117.0,10.0,B,-0.23633744533356
P027,T10,1.0,2.22,2.81,118.27,11.0,B,1.169381359556317,1.3376291891386096,4.7813898305905775,-1.169381359556317,-1.3376291891386096,-4.7813898305905775,0.2724171107817853,0.31797341412405306,0.565713362456924,0.3853679624542541,0023-12-05 11:11:18,2.0,3465.0,-135.0,550.0,800.0,2250.0,15.0,18.0,66.6666666666667,88.8888888888889,113.0,11.0,B,-0.306362748989504
P028,E1,4.0,6.12,3.0,179.99,1.0,B,1.9629077254238845,1.3862943611198906,5.19844178112078,-1.9629077254238845,-1.3862943611198906,-5.19844178112078,-1.8389407062551808,0.04763898452947094,-0.17831340210104352,-0.6565383746089178,0023-10-12 10:40:14,6.0,1295.0,-255.0,100.0,700.0,750.0,6.0,20.0,33.3333333333333,75.0,42.0,1.0,B,-1.28671700017271
P028,E2,1.0,1.64,2.28,100.52,12.0,B,0.9707789171582247,1.1878434223960523,4.620255823406132,-0.9707789171582247,-1.1878434223960523,-4.620255823406132,0.8008441892965611,1.1500314993047998,0.8531787822284618,0.9346848236099409,0023-12-05 12:19:08,1.0,5870.0,-50.0,500.0,920.0,4500.0,9.0,21.0,88.8888888888889,85.7142857142857,207.0,12.0,B,0.780158898059169
P028,E3,1.0,1.07,2.1,106.75,13.0,B,0.7275486072772779,1.1314021114911006,4.6798137289838575,-0.7275486072772779,-1.1314021114911006,-4.6798137289838575,1.4480138842140038,1.4635622846255543,0.7469266097245114,1.2195009261880232,0024-01-10 16:50:38,5.0,5420.0,-600.0,950.0,820.0,4250.0,14.0,18.0,85.7142857142857,88.8888888888889,196.0,13.0,B,0.576859629380623
P028,T01,7.0,3.01,3.12,127.44,2.0,B,1.3887912413184778,1.415853163361435,4.855461869221313,-1.3887912413184778,-1.415853163361435,-4.855461869221313,-0.3113729041690317,-0.11655979702503858,0.4335677648243636,0.0018783545434311228,0023-10-24 15:45:10,9.0,2125.0,-385.0,850.0,910.0,750.0,16.0,22.0,81.25,81.8181818181818,55.0,2.0,B,-0.911742793498952
P028,T02,9.0,1.93,2.54,153.21,3.0,B,1.0750024230289759,1.264126727145683,5.038315309869565,-1.0750024230289759,-1.264126727145683,-5.038315309869565,0.5235337894100708,0.7262786831221434,0.10735455886560318,0.4523890104659391,0023-10-25 15:38:54,10.0,2835.0,-335.0,700.0,720.0,1750.0,9.0,21.0,100.0,76.1904761904762,83.0,3.0,B,-0.590981725139468
P028,T03,10.0,2.89,2.73,166.0,4.0,B,1.358409157630355,1.3164082336557241,5.117993812416755,-1.358409157630355,-1.3164082336557241,-5.117993812416755,-0.2305344435305417,0.43585555986319713,-0.03479305219254554,0.0568426880467033,0023-11-08 11:28:31,4.0,3550.0,0.0,900.0,1150.0,1500.0,12.0,22.0,83.3333333333333,100.0,75.0,4.0,B,-0.26796177601689
P028,T04,8.0,2.29,2.19,165.65,5.0,B,1.1908875647772805,1.1600209167967532,5.115895804753749,-1.1908875647772805,-1.1600209167967532,-5.115895804753749,0.2151949484678229,1.3045851744458572,-0.03105017591168897,0.4962433156673303,0023-11-09 14:29:05,6.0,3900.0,0.0,1100.0,1050.0,1750.0,16.0,20.0,87.5,100.0,97.0,5.0,B,-0.109840122600243
P028,T05,7.0,2.21,2.24,182.94,6.0,B,1.1662709371419244,1.1755733298042381,5.214609617474552,-1.1662709371419244,-1.1755733298042381,-5.214609617474552,0.28069309877839665,1.218191712180585,-0.20715705804583942,0.430575917637714,0023-11-15 14:24:43,4.0,4040.0,-100.0,1000.0,890.0,2250.0,18.0,21.0,72.2222222222222,85.7142857142857,107.0,6.0,B,-0.046591461233584
P028,T06,8.0,1.59,2.37,167.51,7.0,B,0.9516578757114463,1.2149127443642704,5.126995095212451,-0.9516578757114463,-1.2149127443642704,-5.126995095212451,0.8517200795820781,0.9996617499365018,-0.050851472029303554,0.6001767858297588,0023-11-16 11:55:57,5.0,4760.0,-100.0,700.0,1160.0,3000.0,13.0,23.0,76.9230769230769,95.6521739130435,143.0,7.0,B,0.278687368652089
P028,T07,11.0,1.84,2.04,247.84,8.0,B,1.0438040521731147,1.1118575154181303,5.516810119646819,-1.0438040521731147,-1.1118575154181303,-5.516810119646819,0.6065441681683414,1.572132274536928,-0.7462871630439741,0.47746309322043173,0023-11-23 17:43:26,7.0,4830.0,-100.0,1000.0,1180.0,2750.0,16.0,23.0,81.25,95.6521739130435,141.0,8.0,B,0.310311699335419
P028,T08,8.0,1.33,2.19,172.58,9.0,B,0.8458682675776092,1.1600209167967532,5.156638588216099,-0.8458682675776092,-1.1600209167967532,-5.156638588216099,1.1331974516041832,1.3045851744458572,-0.10373589604808905,0.7780155766673172,0023-11-24 17:00:43,9.0,5590.0,-450.0,900.0,890.0,4250.0,13.0,20.0,92.3076923076923,85.0,203.0,9.0,B,0.653661575325852
P028,T09,10.0,1.26,2.08,201.36,10.0,B,0.8153648132841944,1.1249295969854831,5.310048289423736,-0.8153648132841944,-1.1249295969854831,-5.310048289423736,1.2143588464100359,1.499517022802413,-0.3774210412589287,0.7788182759845067,0023-11-28 16:00:03,9.0,6155.0,-435.0,750.0,840.0,5000.0,13.0,20.0,84.6153846153846,85.0,243.0,10.0,B,0.908915101555582
P028,T10,2.0,1.15,2.15,133.12,11.0,B,0.7654678421395714,1.1474024528375417,4.898734921598028,-0.7654678421395714,-1.1474024528375417,-4.898734921598028,1.3471211144381277,1.3746805859669622,0.3563680080279655,1.026056569477685,0023-11-30 17:00:20,9.0,6330.0,-300.0,1100.0,1030.0,4500.0,14.0,20.0,100.0,95.0,233.0,11.0,B,0.987975928263905
P029,E1,5.0,5.99,3.4,172.33,1.0,A,1.944480556245719,1.4816045409242156,5.155197291953219,-1.944480556245719,-1.4816045409242156,-5.155197291953219,-1.7899110213402434,-0.4818078876991939,-0.10116460248651561,-0.790961170508651,0023-10-24 18:05:34,8.0,2355.0,-135.0,350.0,1140.0,1000.0,8.0,22.0,62.5,95.4545454545455,49.0,1.0,A,-0.807834278396584
P029,E2,1.0,1.62,2.52,56.42,12.0,A,0.9631743177730056,1.2584609896100056,4.050392674692918,-0.9631743177730056,-1.2584609896100056,-4.050392674692918,0.8210779597773477,0.7577517851904794,1.869822953869143,1.1495508996123234,0023-12-19 17:52:35,2.0,4470.0,-50.0,900.0,1120.0,2500.0,12.0,22.0,100.0,95.4545454545455,127.0,12.0,A,0.147672284392582
P029,E3,1.0,1.91,2.68,59.72,13.0,A,1.0681530811834012,1.3029127521808397,4.106273133087375,-1.0681530811834012,-1.3029127521808397,-4.106273133087375,0.5417580250111168,0.5108227928572663,1.7701314007943114,0.9409040728875647,0024-01-19 15:48:40,1.0,3910.0,-150.0,1200.0,1110.0,1750.0,15.0,22.0,100.0,95.4545454545455,93.0,13.0,A,-0.105322361074053
P029,T01,10.0,3.54,2.83,164.87,2.0,A,1.5129270120532565,1.3428648031925547,5.111204349017951,-1.5129270120532565,-1.3428648031925547,-5.111204349017951,-0.6416644246382144,0.2888896426869552,-0.02268055043041516,-0.1251517774605581,0023-11-14 18:02:26,8.0,2585.0,-85.0,600.0,1070.0,1000.0,10.0,21.0,90.0,95.2380952380952,50.0,2.0,A,-0.703925763294216
P029,T02,9.0,2.27,2.84,126.44,3.0,A,1.184789984909162,1.3454723665996355,4.847645665601793,-1.184789984909162,-1.3454723665996355,-4.847645665601793,0.23141894992930384,0.27440466015044973,0.4475119861204494,0.3177785320667343,0023-11-16 13:08:08,10.0,3670.0,-100.0,850.0,1170.0,1750.0,13.0,22.0,84.6153846153846,100.0,88.0,3.0,A,-0.213748637702611
P029,T03,5.0,1.65,2.7,85.56,4.0,A,0.9745596399981308,1.308332819650179,4.460837815098172,-0.9745596399981308,-1.308332819650179,-4.460837815098172,0.7907847141922165,0.4807143849746934,1.1375828349678265,0.8030273113782455,0023-11-20 12:41:45,7.0,3325.0,-135.0,950.0,1010.0,1500.0,11.0,19.0,100.0,100.0,78.0,4.0,A,-0.369611410356163
P029,T04,5.0,2.19,2.89,67.07,5.0,A,1.1600209167967532,1.358409157630355,4.22053658745986,-1.1600209167967532,-1.358409157630355,-4.22053658745986,0.2973227028848588,0.20254094567679978,1.5662837310833875,0.6887157932150153,0023-11-21 14:00:00,9.0,4360.0,-100.0,1300.0,1160.0,2000.0,17.0,22.0,88.2352941176471,95.4545454545455,98.0,5.0,A,0.0979769076044931
P029,T05,3.0,1.46,2.94,90.37,6.0,A,0.9001613499442714,1.3711807233098425,4.514917197010529,-0.9001613499442714,-1.3711807233098425,-4.514917197010529,0.98873832737514,0.13159505598957025,1.04110442861487,0.7204792706598601,0023-11-27 13:31:10,5.0,3990.0,-50.0,1050.0,1240.0,1750.0,18.0,24.0,77.7777777777778,95.8333333333333,96.0,6.0,A,-0.0691802688645336
P029,T06,7.0,1.36,2.76,79.62,7.0,A,0.8586616190375188,1.324418957401803,4.38974675768902,-0.8586616190375188,-1.324418957401803,-4.38974675768902,1.0991578232152137,0.3913560883444484,1.2644103186083944,0.9183080767226856,0023-11-29 13:46:09,7.0,4180.0,0.0,950.0,1230.0,2000.0,14.0,24.0,92.8571428571429,95.8333333333333,106.0,7.0,A,0.0166572001330747
P029,T07,3.0,1.37,2.94,72.96,8.0,A,0.8628899551470398,1.3711807233098425,4.303524406518924,-0.8628899551470398,-1.3711807233098425,-4.303524406518924,1.0879073709531313,0.13159505598957025,1.4182322510849372,0.8792448926758795,0023-12-04 13:55:33,9.0,4060.0,-50.0,950.0,1160.0,2000.0,14.0,23.0,92.8571428571429,91.304347826087,102.0,8.0,A,-0.0375559381812042
P029,T08,8.0,1.63,2.58,97.71,9.0,A,0.9669838461896731,1.275362800412609,4.5921862584297966,-0.9669838461896731,-1.275362800412609,-4.5921862584297966,0.8109418408684796,0.6638624348313593,0.903255295682821,0.7926865237942199,0023-12-06 13:58:56,7.0,4600.0,-50.0,750.0,1150.0,2750.0,11.0,23.0,90.9090909090909,91.304347826087,135.0,9.0,A,0.206403184233051
P029,T09,6.0,1.79,2.7,71.51,10.0,A,1.0260415958332743,1.308332819650179,4.2837244833835015,-1.0260415958332743,-1.308332819650179,-4.2837244833835015,0.6538052330252069,0.4807143849746934,1.4535556028405545,0.8626917402801516,0023-12-11 14:01:22,9.0,4820.0,-50.0,900.0,1220.0,2750.0,12.0,23.0,91.6666666666667,100.0,134.0,10.0,A,0.305793937809229
P029,T10,2.0,1.79,3.05,62.61,11.0,A,1.0260415958332743,1.3987168811184478,4.152770690690713,-1.0260415958332743,-1.3987168811184478,-4.152770690690713,0.6538052330252069,-0.021367960709087135,1.6871790796279007,0.7732054506480068,0023-12-14 14:06:01,10.0,4715.0,-85.0,1350.0,950.0,2500.0,16.0,21.0,100.0,90.4761904761905,131.0,11.0,A,0.258357441784235
P030,E1,4.0,3.59,3.18,472.68,1.0,A,1.5238800240724537,1.430311246536665,6.1605319882235205,-1.5238800240724537,-1.430311246536665,-6.1605319882235205,-0.6708074103555802,-0.19687427058140883,-1.894696368524113,-0.9207926831537007,0023-10-26 11:23:28,6.0,1395.0,-325.0,400.0,820.0,500.0,13.0,19.0,46.1538461538462,84.2105263157895,28.0,1.0,A,-1.24153938491081
P030,E2,3.0,1.22,2.44,113.98,12.0,A,0.797507195884188,1.235471471385307,4.744758200195145,-0.797507195884188,-1.235471471385307,-4.744758200195145,1.2618731089637913,0.8854582751278559,0.6310647255399825,0.9261320365438767,0023-12-21 10:40:32,5.0,5250.0,0.0,1200.0,1050.0,3000.0,16.0,20.0,87.5,100.0,163.0,12.0,A,0.500057683435395
P030,E3,5.0,1.14,2.38,129.26,13.0,A,0.7608058290337599,1.2178757094949273,4.869532453118255,-0.7608058290337599,-1.2178757094949273,-4.869532453118255,1.359525463225357,0.9832025152128917,0.4084656378615849,0.9170645387666112,0024-01-22 16:35:22,3.0,4450.0,0.0,1050.0,1150.0,2250.0,13.0,21.0,92.3076923076923,100.0,111.0,13.0,A,0.138636761340202
P030,T01,6.0,2.79,2.88,268.71,2.0,A,1.332366019094335,1.355835153635182,5.597347307693379,-1.332366019094335,-1.355835153635182,-5.597347307693379,-0.1612407357303156,0.2168395060944411,-0.8899666815612703,-0.27812263706571494,0023-11-10 12:05:49,8.0,1855.0,-205.0,550.0,1010.0,500.0,13.0,20.0,53.8461538461538,95.0,26.0,2.0,A,-1.03372235470608
P030,T02,7.0,1.48,3.1,229.84,3.0,A,0.9082585601768908,1.410986973710262,5.441724829842766,-0.9082585601768908,-1.410986973710262,-5.441724829842766,0.9671938534216611,-0.08952817358487228,-0.612333910534821,0.08844392310065592,0023-11-16 15:56:02,8.0,1995.0,-135.0,500.0,880.0,750.0,13.0,19.0,46.1538461538462,89.4736842105263,38.0,3.0,A,-0.97047369333942
P030,T03,1.0,1.53,2.84,170.4,4.0,A,0.928219302739429,1.3454723665996355,5.1440000061636795,-0.928219302739429,-1.3454723665996355,-5.1440000061636795,0.9140837468693717,0.27440466015044973,-0.0811884812689293,0.3690999752502974,0023-11-23 16:04:54,8.0,2530.0,-100.0,650.0,980.0,1000.0,16.0,20.0,50.0,90.0,51.0,4.0,A,-0.72877345168826
P030,T04,3.0,1.55,2.83,177.61,5.0,A,0.9360933591703348,1.3428648031925547,5.185204657916392,-0.9360933591703348,-1.3428648031925547,-5.185204657916392,0.8931330244834722,0.2888896426869552,-0.15469818117402162,0.3424414953321353,0023-11-28 17:43:58,4.0,3110.0,0.0,900.0,960.0,1250.0,12.0,19.0,83.3333333333333,94.7368421052632,76.0,5.0,A,-0.466743283169246
P030,T05,4.0,1.85,2.97,114.3,6.0,A,1.0473189942805592,1.3787660946990992,4.747537427275013,-1.0473189942805592,-1.3787660946990992,-4.747537427275013,0.5971918632995906,0.08945841156208291,0.6261065438804139,0.4375856062473624,0023-11-29 11:06:36,9.0,3820.0,-100.0,1000.0,920.0,2000.0,13.0,19.0,84.6153846153846,89.4736842105263,100.0,6.0,A,-0.145982214809762
P030,T06,9.0,1.3,2.86,149.61,7.0,A,0.8329091229351039,1.3506671834767394,5.014693714223758,-0.8329091229351039,-1.3506671834767394,-5.014693714223758,1.1676782105555912,0.24554751652707232,0.1494958301381711,0.5209071857402782,0023-12-04 15:42:20,6.0,4110.0,-100.0,1200.0,1010.0,2000.0,16.0,19.0,81.25,100.0,98.0,7.0,A,-0.0149671305502547
P030,T07,7.0,1.42,2.87,82.37,8.0,A,0.883767540168595,1.3532545070416904,4.423288532422522,-0.883767540168595,-1.3532545070416904,-4.423288532422522,1.0323577960024344,0.23117496606374147,1.2045713031073917,0.8227013550578558,0023-12-07 11:05:28,9.0,4330.0,-50.0,900.0,980.0,2500.0,12.0,19.0,91.6666666666667,94.7368421052632,127.0,8.0,A,0.0844236230259233
P030,T08,5.0,1.19,3.03,133.42,9.0,A,0.7839015438284094,1.3937663759585914,4.90096922654182,-0.7839015438284094,-1.3937663759585914,-4.90096922654182,1.2980740482891613,0.00613203434095788,0.3523819754096028,0.552196019346574,0023-12-12 10:33:00,4.0,4560.0,0.0,1250.0,1060.0,2250.0,15.0,20.0,93.3333333333333,100.0,112.0,9.0,A,0.188332138128291
P030,T09,1.0,1.74,2.75,95.07,10.0,A,1.007957920399979,1.3217558399823195,4.565077092421647,-1.007957920399979,-1.3217558399823195,-4.565077092421647,0.7019209745168004,0.4061496727340485,0.9516184433656605,0.6865630302055031,0023-12-14 10:40:33,5.0,4260.0,0.0,1300.0,960.0,2000.0,15.0,18.0,93.3333333333333,100.0,101.0,10.0,A,0.052799292342594
P030,T10,5.0,1.39,2.51,125.72,11.0,A,0.8712933659434192,1.2556160374777743,4.841979928066116,-0.8712933659434192,-1.2556160374777743,-4.841979928066116,1.0655481805873388,0.7735554591646817,0.4576197445475364,0.7655744614331855,0023-12-20 17:30:08,5.0,4540.0,0.0,850.0,940.0,2750.0,11.0,19.0,90.9090909090909,94.7368421052632,151.0,11.0,A,0.179296615075911
P031,E1,5.0,3.81,3.37,146.01,1.0,B,1.57069708411767,1.4747630091074988,4.990500611675875,-1.57069708411767,-1.4747630091074988,-4.990500611675875,-0.7953748726970308,-0.44380326291462063,0.19265667806235937,-0.348840485849764,0023-11-08 17:44:46,0.0,3460.0,-150.0,950.0,1160.0,1500.0,11.0,23.0,100.0,91.304347826087,75.0,1.0,B,-0.308621629752599
P031,E2,3.0,1.39,1.91,64.78,12.0,B,0.8712933659434192,1.0681530811834012,4.186315840760911,-0.8712933659434192,-1.0681530811834012,-4.186315840760911,1.0655481805873388,1.8149098671886907,1.627334042476987,1.502597363417672,0023-12-20 16:01:36,3.0,8090.0,-100.0,900.0,1040.0,6250.0,14.0,21.0,92.8571428571429,90.4761904761905,306.0,12.0,B,1.78310195687333
P031,E3,2.0,1.09,1.96,73.69,13.0,B,0.7371640659767196,1.085189268335969,4.313346214368975,-0.7371640659767196,-1.085189268335969,-4.313346214368975,1.422429764060332,1.7202740578643667,1.4007100025797008,1.5144712748348,0024-01-22 18:12:03,5.0,8590.0,-100.0,900.0,1040.0,6750.0,15.0,20.0,86.6666666666667,95.0,329.0,13.0,B,2.00899003318282
P031,T01,8.0,2.06,2.81,128.09,2.0,B,1.1184149159642893,1.3376291891386096,4.860509835518618,-1.1184149159642893,-1.3376291891386096,-4.860509835518618,0.40802495409137984,0.31797341412405306,0.4245621192998502,0.3835201625050944,0023-11-23 12:10:54,9.0,5270.0,-50.0,1200.0,1120.0,3000.0,16.0,21.0,87.5,100.0,152.0,2.0,B,0.509093206487775
P031,T02,10.0,1.41,2.39,145.51,3.0,B,0.8796267475025636,1.220829921392359,4.987093685513222,-0.8796267475025636,-1.220829921392359,-4.987093685513222,1.043375318973579,0.9667919045917903,0.19873468404378258,0.7363006358697173,0023-11-24 12:55:33,4.0,5840.0,-150.0,950.0,1040.0,4000.0,14.0,20.0,85.7142857142857,95.0,187.0,3.0,B,0.7666056134806
P031,T03,9.0,1.56,2.01,146.69,4.0,B,0.9400072584914712,1.1019400787607843,4.9951154824382185,-0.9400072584914712,-1.1019400787607843,-4.9951154824382185,0.8827192029871413,1.627223512739791,0.18442368129110762,0.8981221323393468,0023-11-30 18:23:16,9.0,6560.0,-150.0,950.0,1010.0,4750.0,14.0,21.0,100.0,90.4761904761905,239.0,4.0,B,1.09188444336627
P031,T04,10.0,1.6,2.34,76.78,5.0,B,0.9555114450274363,1.205970806988609,4.3538843287276014,-0.9555114450274363,-1.205970806988609,-4.3538843287276014,0.8414667798194244,1.0493341016719424,1.3283894151104778,1.073063432200615,0023-12-01 12:06:54,10.0,7400.0,-150.0,900.0,1150.0,5500.0,14.0,22.0,92.8571428571429,95.4545454545455,272.0,5.0,B,1.47137641156623
P031,T05,7.0,1.79,2.24,81.85,6.0,B,1.0260415958332743,1.1755733298042381,4.417031743872572,-1.0260415958332743,-1.1755733298042381,-4.417031743872572,0.6538052330252069,1.218191712180585,1.2157335051674099,1.0292434834577338,0023-12-05 13:36:39,9.0,8470.0,-100.0,1100.0,970.0,6500.0,16.0,20.0,100.0,90.0,323.0,6.0,B,1.95477689486855
P031,T06,9.0,1.28,1.88,112.06,7.0,B,0.8241754429663495,1.0577902941478545,4.727918651247145,-0.8241754429663495,-1.0577902941478545,-4.727918651247145,1.1909161573544582,1.8724750212447006,0.6611067265532078,1.2414993017174556,0023-12-07 13:21:42,10.0,8080.0,-150.0,650.0,1080.0,6500.0,11.0,22.0,90.9090909090909,90.9090909090909,316.0,7.0,B,1.77858419534714
P031,T07,2.0,1.15,2.0,85.01,8.0,B,0.7654678421395714,1.0986122886681098,4.454463568563388,-0.7654678421395714,-1.0986122886681098,-4.454463568563388,1.3471211144381277,1.6457093456237204,1.1489545837865067,1.3805950146161183,0023-12-08 18:40:03,10.0,8150.0,-50.0,800.0,1150.0,6250.0,15.0,22.0,80.0,95.4545454545455,312.0,8.0,B,1.81020852603047
P031,T08,9.0,1.01,1.9,111.28,9.0,B,0.6981347220709843,1.0647107369924282,4.720995751493682,-0.6981347220709843,-1.0647107369924282,-4.720995751493682,1.5262762320464394,1.8340320466745221,0.673457280718894,1.3445885198132854,0023-12-13 16:46:22,2.0,8540.0,0.0,950.0,1090.0,6500.0,13.0,20.0,100.0,100.0,309.0,9.0,B,1.98640122555188
P031,T09,9.0,1.51,1.88,67.99,10.0,B,0.9202827531436925,1.0577902941478545,4.233961566558017,-0.9202827531436925,-1.0577902941478545,-4.233961566558017,0.93520074656848,1.8724750212447006,1.542333372501054,1.4500030467714116,0023-12-14 18:25:21,10.0,8100.0,0.0,750.0,1100.0,6250.0,13.0,21.0,100.0,95.2380952380952,336.0,10.0,B,1.78761971839952
P031,T10,5.0,1.13,1.84,97.46,11.0,B,0.7561219797213337,1.0438040521731147,4.589650374330055,-0.7561219797213337,-1.0438040521731147,-4.589650374330055,1.3719879122188476,1.95016842275713,0.9077793499154562,1.4099785616304779,0023-12-19 17:15:05,7.0,8480.0,-300.0,800.0,980.0,7000.0,14.0,20.0,92.8571428571429,90.0,349.0,11.0,B,1.95929465639474
